1	2221	14	354	442
2	14	1175	442	491
3	1175	1756	1077	1151
4	1756	1175	1779	1856
5	1175	4621	1856	1872
6	4621	3638	1914	1975
7	3638	4621	2255	2316
8	4621	3638	2364	2425
9	3638	4621	2425	2488
10	4621	3638	2544	2605
11	3638	4621	2705	2766
12	4621	3638	3234	3295
13	3638	4621	3425	3486
14	4621	3638	3654	3715
15	3638	4621	3725	3786
16	4621	3638	3804	3865
17	3638	4621	3935	3996
18	4621	3638	3996	4059
19	3638	4621	4085	4146
20	4621	3638	4319	4382
21	3638	4621	4685	4746
22	4621	3638	5094	5155
23	3638	4621	5165	5226
24	4621	3638	5244	5305
25	3638	4621	5315	5376
26	4621	3638	5424	5485
27	3638	4621	5495	5556
28	4621	3638	5574	5635
29	3638	2221	5635	5636
30	2221	6296	5686	5829
31	6296	4446	5829	5831
32	4446	960	5932	5977
33	960	4377	6040	6085
34	4377	5818	6538	6651
35	5818	4377	6665	6783
36	4377	4513	6794	6880
37	4513	6849	6888	6974
38	6849	3959	7104	7141
39	3959	4513	7157	7217
40	4513	3959	7513	7572
41	3959	6849	7580	7620
42	6849	4513	7785	7871
43	4513	4377	8239	8327
44	4377	7191	9096	9187
45	7191	5885	9214	9259
46	5885	7191	9340	9386
47	7191	4377	9408	9490
48	6849	1419	405	407
49	1419	4953	493	505
50	4953	1419	629	641
51	1419	6849	641	643
52	6849	2759	1178	1230
53	2759	6849	1824	1874
54	6849	4513	1905	1991
55	4513	4377	1999	2087
56	4377	927	2284	2374
57	927	4513	2374	2392
58	4513	4196	2479	2568
59	4196	4513	2593	2679
60	4513	4238	2780	2959
61	4238	4718	2959	2961
62	4718	877	3067	3176
63	877	1453	3176	3176
64	1453	4377	3217	3366
65	4377	7191	3366	3478
66	7191	4377	3528	3610
67	4377	927	3724	3814
68	927	4377	3883	3984
69	4377	4513	4268	4380
70	4513	927	4435	4452
71	927	4513	4452	4470
72	4513	6710	4506	4555
73	6710	1419	4569	4635
74	1419	669	5627	5711
75	669	830	5714	5895
76	830	5789	5895	5897
77	5789	6888	5998	6039
78	6888	3243	6043	6096
79	3243	3631	6108	6181
80	3631	6990	6189	6211
81	6990	5789	6211	6222
82	5789	6985	6239	6364
83	6985	102	6505	6528
84	102	830	6625	6715
85	830	3631	6715	6724
86	3631	6888	6790	6814
87	6888	4196	6814	6913
88	4196	4513	6913	6999
89	4513	4238	7100	7279
90	4238	4718	7279	7281
91	4718	2354	7458	7599
92	3139	1453	342	531
93	1453	3139	548	728
94	3139	4196	728	876
95	4196	4513	1033	1119
96	4513	4377	1119	1228
97	4377	4630	1252	1313
98	4630	7191	1813	1961
99	7191	5885	2014	2059
100	5885	7191	2140	2186
101	7191	4377	2208	2290
102	4377	7191	2390	2472
103	7191	7181	2568	2643
104	7181	4446	3207	3211
105	4446	4780	3224	3243
106	4780	1453	3243	3334
107	1453	4196	3375	3422
108	4196	4513	3433	3519
109	4513	6849	3528	3614
110	6849	4513	3825	3911
111	4513	4196	3919	4008
112	4196	1453	4017	4064
113	1453	960	4230	4299
114	960	1453	4299	4372
115	1453	6116	4595	4833
116	6116	3139	4850	4896
117	3139	1453	5032	5211
118	1453	997	5211	5240
119	997	1453	5378	5402
120	1453	997	5458	5482
121	997	1453	5498	5522
122	1453	6116	6035	6273
123	6116	3139	6273	6335
124	3139	1453	6472	6651
125	1453	3139	6788	6969
126	3139	6116	6969	7031
127	6116	4513	7701	7959
128	4513	6116	8119	8380
129	6116	4513	9141	9399
130	4513	6116	9559	9820
131	6949	4377	351	414
132	4377	4513	554	640
133	4513	6849	648	734
134	6849	2759	914	964
135	2759	3125	1128	1322
136	3125	1014	1322	1329
137	1014	1184	1445	1471
138	1184	2997	1678	1758
139	2997	7331	1790	1893
140	7331	1014	1893	1895
141	1014	2744	1915	2099
142	2744	6142	2099	2275
143	6142	7331	2642	2827
144	7331	1014	2827	2829
145	1014	5100	2869	2918
146	5100	2997	2935	2963
147	2997	3480	2974	3022
148	3480	669	3033	3107
149	669	830	3110	3286
150	830	2949	3286	3322
151	2949	830	3363	3408
152	830	6617	3408	3489
153	6617	5624	3642	3687
154	5624	5789	3687	3696
155	5789	669	4039	4187
156	669	3480	4197	4275
157	3480	2997	4284	4329
158	2997	7331	4343	4410
159	7331	1014	4410	4412
160	1014	2993	4451	4547
161	2993	1938	4547	4548
162	1938	1175	4709	4771
163	1175	2993	4771	4850
164	2993	7331	5554	5650
165	7331	1014	5650	5652
166	1014	5100	5665	5713
167	5100	2997	5731	5761
168	2997	3480	5785	5834
169	3480	669	5845	5918
170	669	830	5953	6111
171	830	3631	6111	6120
172	3631	508	6163	6228
173	508	996	6228	6255
174	996	830	6467	6517
175	830	3631	6517	6526
176	3631	6990	6575	6598
177	6990	5789	6598	6609
178	5789	669	6623	6765
179	669	1419	6768	6868
180	1419	3480	7115	7205
181	3480	1419	7226	7307
182	1419	6849	7307	7309
183	6849	4513	8025	8111
184	4513	6849	8208	8294
185	6849	3959	8544	8581
186	3959	4513	8597	8657
187	4513	4377	9199	9287
188	4377	4446	9287	9310
189	4446	960	9856	9886
190	960	1453	9886	9959
191	1453	960	9990	10059
192	6804	4377	385	445
193	4377	7191	530	623
194	7191	5885	623	678
195	5885	7191	700	746
196	7191	4377	888	970
197	4377	6804	1175	1233
198	6804	6949	1777	1780
199	6949	4377	1791	1854
200	4377	5078	1854	1859
201	5078	3012	2040	2055
202	3012	4718	2055	2069
203	4718	877	2082	2188
204	877	1453	2368	2368
205	1453	3139	2468	2649
206	3139	1453	3472	3651
207	1453	997	3898	3922
208	997	1453	3922	3951
209	1453	3139	4028	4210
210	3139	6116	4662	4724
211	6116	4513	4821	5079
212	4513	4196	5359	5448
213	4196	1453	5457	5504
214	1453	3631	5860	5997
215	3631	5789	5997	6005
216	5789	669	6021	6175
217	669	3480	6178	6269
218	3480	2997	6281	6326
219	2997	3480	6348	6396
220	3480	1419	6406	6482
221	1419	6849	6482	6484
222	6849	2759	6698	6750
223	2759	6849	6759	6809
224	6849	2759	6818	6870
225	2759	4778	7636	7694
226	508	3631	358	428
227	3631	508	890	947
228	508	3243	1439	1602
229	3243	3631	1788	1861
230	3631	5789	1861	1869
231	5789	996	1981	2028
232	996	4196	2028	2191
233	4196	4513	2233	2319
234	4513	5915	2337	2402
235	5915	699	2429	2436
236	699	3152	2436	2458
237	3152	3480	2515	2551
238	3480	2997	2568	2617
239	2997	3480	2633	2681
240	3480	669	2699	2773
241	669	830	2776	2921
242	830	5789	2921	2923
243	5789	669	3061	3211
244	669	3152	3230	3276
245	3152	6881	3276	3289
246	6881	3152	3390	3408
247	3152	4513	3436	3518
248	4513	6849	3648	3734
249	6849	2759	4058	4110
250	2759	1419	4110	4162
251	1419	3480	4235	4325
252	3480	1419	4346	4427
253	1419	508	4427	4637
254	508	3631	4678	4748
255	3631	6990	4749	4771
256	6990	3631	4781	4801
257	3631	5789	4801	4809
258	5789	996	4861	4908
259	996	830	5027	5077
260	830	5789	5077	5079
261	5789	669	5183	5325
262	669	1419	5328	5428
263	1419	3480	5675	5765
264	3480	1419	5769	5850
265	1419	1014	5850	6010
266	1014	5100	6057	6107
267	5100	2997	6117	6144
268	2997	3480	6154	6201
269	3480	669	6215	6299
270	669	830	6302	6456
271	830	5789	6456	6458
272	5789	669	6500	6646
273	669	3152	6656	6700
274	3152	1419	6914	6966
275	1419	3152	7057	7116
276	3152	4513	7178	7260
277	4513	4238	7321	7461
278	4238	4377	7461	7467
279	4377	4513	7506	7622
280	4513	6849	7968	8054
281	6849	4513	9225	9311
282	4513	927	9843	9860
283	4630	6263	354	394
284	6263	4238	1203	1222
285	4238	4718	1402	1404
286	4718	2221	1406	1504
287	2221	14	1794	1882
288	4621	3638	2124	2185
289	3638	2993	2185	2218
290	2993	7331	2292	2394
291	7331	1175	2394	2413
292	1175	1938	2492	2556
293	1938	2993	2556	2557
294	2993	7331	2674	2770
295	7331	1014	2770	2772
296	1014	6900	2814	2858
297	6900	1014	2858	2897
298	1014	2997	2899	2969
299	2997	3480	2984	3032
300	3480	1419	3043	3120
301	1419	1014	3120	3280
302	1014	6900	3302	3338
303	4651	5498	4640	4668
304	5498	3125	4709	4765
305	3125	1014	4765	4772
306	1014	6142	4893	5102
307	6142	1722	6134	6160
308	1722	6142	6236	6259
309	6142	7331	6744	6946
310	7331	1014	6946	6948
311	1014	2997	6963	7029
312	2997	3480	7048	7097
313	3480	3152	7111	7145
314	3152	669	7221	7263
315	669	830	7273	7429
316	830	5789	7429	7431
317	5789	3113	7826	7940
318	3113	877	8537	8590
319	877	1453	8590	8590
320	1453	3911	9308	9414
321	960	997	280	325
322	997	1453	532	562
323	1453	3139	668	848
324	3911	1453	1738	1845
325	1453	1075	1845	1852
326	1075	997	1905	1942
327	997	877	1942	1971
328	877	3113	2198	2263
329	3113	830	2278	2390
330	830	5789	2390	2392
331	5789	669	2678	2825
332	669	830	2834	3015
333	830	5789	3015	3017
334	5789	3113	3032	3156
335	3113	830	3272	3386
336	830	5789	3386	3388
337	5789	669	3407	3572
338	669	1419	3576	3700
339	1419	3480	3739	3837
340	3480	2997	3860	3907
341	2997	7331	3938	4020
342	7331	1014	4020	4022
343	1014	2997	4083	4149
344	2997	7331	4169	4241
345	7331	1014	4241	4243
346	1014	6900	4254	4298
347	6900	1014	4298	4337
348	1014	2997	4339	4409
349	2997	3480	4424	4472
350	3480	2997	4486	4532
351	2997	7331	4560	4640
352	7331	3638	4640	4713
353	3638	4621	4715	4776
354	4621	3125	5250	5275
355	3125	5100	5275	5327
356	5100	4888	5396	5442
357	4888	2997	5496	5584
358	2997	3480	5595	5645
359	3480	699	5655	5739
360	699	5915	5739	5743
361	5915	4513	5761	5823
362	4513	6710	5946	5995
363	6710	1419	6009	6075
364	1419	3152	6213	6262
365	3152	699	6262	6284
366	699	5287	6291	6331
367	5287	3152	6331	6349
368	3152	699	6349	6376
369	699	5915	6376	6380
370	5915	699	6500	6507
371	699	3152	6578	6607
372	3152	6710	6745	6777
373	6710	669	6833	6854
374	669	830	6871	7021
375	830	3631	7021	7030
376	3631	3113	7160	7258
377	3113	877	7486	7540
378	877	1453	7540	7540
379	1453	3911	7988	8094
380	4513	927	115	132
381	927	1479	137	228
382	1479	4377	228	250
383	4377	4513	306	422
384	4513	4377	441	543
385	4377	7191	770	863
386	7191	7181	1128	1203
387	7181	4718	1203	1234
388	4718	3251	1285	1412
389	3251	877	1412	1414
390	877	4446	1426	1515
391	4446	3349	1725	1770
392	3349	960	2400	2412
393	960	3349	2477	2489
394	3349	6296	2590	2628
395	6296	4446	2628	2630
396	4446	4238	2653	2689
397	4238	4718	2689	2691
398	4718	4513	2811	2925
399	4513	927	2995	3012
400	927	4513	3012	3030
401	4513	3959	3193	3252
402	3959	6849	3260	3300
403	6849	4513	3345	3431
404	4513	4196	3439	3528
405	4196	4513	3673	3759
406	4513	4238	4220	4399
407	4238	4718	4399	4401
408	4718	6263	4495	4533
409	6263	4630	4533	4573
410	4630	4377	4704	4760
411	4377	4718	4760	4765
412	4718	4513	4806	4925
413	4513	3152	4952	5045
414	3152	1419	5474	5526
415	6849	1014	5759	5917
416	1014	2997	5994	6063
417	2997	3480	6082	6131
418	3480	3152	6160	6199
419	3152	6881	6199	6212
420	6881	3152	6270	6288
421	3152	4513	6316	6398
422	4513	6849	6408	6494
423	6849	2759	6807	6847
424	2759	699	7888	8009
425	1756	1175	339	416
426	4621	3638	894	955
427	3638	4621	1265	1326
428	4621	3638	1764	1825
429	3638	4621	2315	2376
430	4621	3638	2394	2455
431	3638	4621	2495	2556
432	4621	3638	2574	2635
433	3638	4621	2645	2706
434	4621	3638	2788	2875
435	3638	4621	3189	3250
436	4621	3125	3250	3265
437	3125	2759	3358	3548
438	2759	1419	3661	3705
439	1419	2759	3705	3757
440	2759	6849	3879	3929
441	6849	2759	3929	3979
442	2759	3125	4008	4202
443	3125	1184	4202	4214
444	1184	7331	4269	4284
445	7331	1014	4284	4286
446	1014	6142	4483	4668
447	6142	1722	4668	4693
448	1722	6142	4796	4819
449	6142	7331	5304	5506
450	7331	1014	5506	5508
451	1014	2997	5621	5691
452	2997	3480	5723	5772
453	3480	1419	5786	5867
454	1419	4651	5867	6022
455	4651	5498	6080	6108
456	5498	3125	6149	6205
457	3125	2759	6238	6428
458	2759	3125	6888	7082
459	14	3638	7700	7734
460	3638	4621	8225	8286
461	4621	3638	8454	8515
462	3911	3113	298	346
463	3113	1453	372	435
464	1453	1075	435	442
465	1075	4377	504	658
466	4377	1075	842	994
467	1075	997	994	1030
468	997	1453	1058	1082
469	1453	3139	1148	1330
470	3139	1075	1782	1916
471	1075	4377	1944	2098
472	4377	1075	2282	2434
473	1075	4377	2484	2638
474	4377	4630	2692	2753
475	4630	3638	2879	2944
476	3638	4621	3305	3366
477	4621	3638	3684	3745
478	3638	4621	3755	3816
479	4621	1175	3816	3832
480	1175	1756	3957	4031
481	1756	1175	4659	4736
482	4621	3638	5154	5215
483	3638	4621	5225	5286
484	4630	4377	6144	6200
485	4377	1075	6602	6754
486	1075	4377	6804	6958
487	4377	4718	6958	6963
488	4718	3251	7045	7172
489	3251	1453	7172	7174
490	1453	997	7618	7642
491	997	1453	7658	7682
492	1453	3911	7748	7854
493	3911	1453	7865	7971
494	1453	3911	9548	9654
495	3638	4621	275	336
496	4621	3638	354	415
497	3638	4621	755	816
498	4621	6900	816	874
499	6900	7331	991	1058
500	7331	1014	1238	1240
501	1014	5100	1245	1299
502	5100	2997	1314	1342
503	2997	3480	1354	1399
504	3480	2997	1404	1449
505	2997	7331	1463	1530
506	7331	1014	1530	1532
507	1014	1823	1607	1713
508	1823	1184	2554	2646
509	1184	7331	2687	2700
510	7331	1014	2700	2702
511	1014	2997	2704	2768
512	2997	3480	2787	2833
513	3480	6710	2859	2918
514	6710	669	2945	2966
515	669	830	2971	3119
516	830	5789	3119	3121
517	5789	669	3141	3295
518	669	3480	3298	3389
519	3480	2997	3401	3446
520	2997	7331	3461	3541
521	7331	1014	3541	3543
522	1014	2221	3708	3789
523	2221	3638	3789	3790
524	3638	4621	3905	3966
525	3638	2221	4319	4320
526	2221	14	4674	4762
527	14	2221	5551	5586
528	2221	7331	5625	5720
529	7331	1014	5720	5722
530	1014	1184	5765	5791
531	1184	2997	5998	6078
532	2997	3480	6101	6151
533	3480	1419	6176	6268
534	1419	2759	6406	6466
535	2759	1419	6541	6585
536	1419	6849	6585	6587
537	6849	4513	6705	6791
538	4513	4196	6799	6888
539	4196	1453	6897	6944
540	1453	960	7110	7179
541	960	4377	7480	7525
542	4377	1453	7554	7664
543	1453	997	7738	7762
544	997	1453	7778	7802
545	1453	997	7978	8002
546	997	877	8002	8031
547	877	4446	8063	8153
548	4446	4513	9917	10017
549	4513	1419	10022	10080
550	3638	4621	1055	1116
551	4621	3638	1116	1179
552	3638	4621	1205	1266
553	4621	3638	1348	1435
554	3638	4621	1805	1866
555	4621	3638	2184	2245
556	3638	4621	2285	2346
557	4621	3638	2424	2485
558	3638	4621	2555	2616
559	4621	14	2616	2655
560	14	2221	2671	2706
561	2221	6296	2806	2949
562	6296	4718	2949	2978
563	4718	2262	3186	3210
564	2262	3349	3210	3277
565	3349	6296	3282	3331
566	6296	5885	3331	3365
567	5885	7191	3580	3626
568	7191	4377	3817	3908
569	4377	2136	3908	3914
570	2136	4238	3930	3947
571	4238	3012	3947	3960
572	3012	4630	4107	4147
573	4630	4718	4147	4207
574	4718	4513	4251	4365
575	4513	1419	4372	4484
576	1419	699	4484	4557
577	699	5287	4851	4891
578	5287	3152	4891	4909
579	3152	6710	5305	5337
580	6710	669	5393	5414
581	669	830	5431	5581
582	830	5789	5581	5583
583	5789	669	5733	5882
584	669	3480	5886	5964
585	3480	2997	5976	6020
586	2997	7331	6031	6137
587	7331	1014	6137	6139
588	1014	6900	6182	6218
589	6900	1014	6218	6257
590	1014	2997	6437	6510
591	2997	3480	6534	6584
592	3480	669	6602	6683
593	669	830	6687	6877
594	830	5789	6877	6879
595	5789	3113	6978	7089
596	3113	877	7097	7150
597	877	1453	7150	7150
598	1453	3631	7300	7437
599	3631	1453	8750	8884
600	1453	877	8884	8884
601	877	4238	9772	9937
602	4238	4718	9937	9939
603	4718	4513	10011	10080
604	2993	7331	852	954
605	7331	1014	954	956
606	1014	5100	1080	1128
607	5100	2997	1140	1170
608	2997	3480	1193	1241
609	3480	669	1259	1333
610	669	830	1336	1481
611	830	5789	1481	1483
612	5789	669	1563	1707
613	669	3480	1710	1783
614	3480	2997	1795	1840
615	2997	7331	1853	1923
616	7331	1014	1923	1925
617	1014	2997	1930	2007
618	2997	3480	2034	2082
619	3480	1419	2086	2162
620	1419	6849	2162	2164
621	6849	4513	2385	2471
622	4513	4377	2479	2567
623	4377	4718	2567	2572
624	4718	877	2576	2724
625	877	1453	2724	2724
626	1453	960	2790	2859
627	960	4446	2879	2914
628	4446	4513	2937	3052
629	4513	6710	3066	3115
630	6710	4513	3115	3181
631	4513	4377	3227	3335
632	4377	4446	3335	3358
633	4446	3349	3413	3464
634	3349	6296	3558	3603
635	6296	4446	3603	3605
636	4446	3349	3672	3720
637	960	4780	3917	3935
638	4780	7181	4008	4019
639	7181	4446	4019	4023
640	4446	4780	4041	4059
641	4780	960	4085	4100
642	960	3251	4151	4220
643	3251	877	4220	4222
644	877	4238	4273	4410
645	4238	4446	4410	4439
646	4446	960	4492	4537
647	960	4377	4600	4645
648	4377	1075	4645	4782
649	1075	997	4785	4822
650	997	1453	4852	4882
651	1453	4377	6076	6177
652	4377	4718	6177	6182
653	4718	4513	6246	6365
654	4513	3152	6392	6485
655	3152	6710	6528	6555
656	6710	3480	7308	7370
657	3480	2997	7380	7426
658	2997	7331	7440	7520
659	7331	1014	7520	7522
660	1014	2997	7818	7884
661	2997	3480	7910	7957
662	3480	669	7982	8068
663	669	830	8072	8257
664	4475	3125	324	422
665	3125	1014	422	429
666	1014	6142	573	782
667	6142	7331	984	1186
668	7331	1014	1366	1368
669	1014	5100	1429	1478
670	5100	2997	1495	1523
671	2997	3480	1544	1592
672	3480	669	1593	1667
673	669	830	1670	1846
674	830	6990	1846	1855
675	6990	3631	1901	1921
676	3631	508	2150	2207
677	508	3631	2232	2289
678	3631	6888	2470	2494
679	6888	3243	2494	2566
680	3243	3631	3228	3301
681	3631	6990	3309	3331
682	6990	5789	3331	3342
683	5789	6985	3359	3484
684	6985	508	3484	3508
685	508	3631	3596	3665
686	3631	6990	3695	3718
687	6990	6844	3725	3744
688	6844	5789	3744	3753
689	5789	669	3836	3995
690	669	3480	3999	4083
691	3480	2997	4100	4146
692	2997	3480	4168	4217
693	3480	3152	4231	4265
694	3152	669	4341	4383
695	669	830	4393	4549
696	830	5789	4549	4551
697	5789	4185	4786	4832
698	4185	508	4832	4854
699	508	3631	5036	5105
700	3631	6990	5135	5158
701	6990	6844	5165	5184
702	6844	4185	5184	5225
703	4185	830	5241	5287
704	830	3631	5287	5296
705	3631	3243	5332	5406
706	3243	6888	5406	5478
707	6888	3243	5557	5616
708	3243	3631	6084	6176
709	3631	4185	6179	6208
710	4185	5789	6208	6256
711	5789	996	6301	6348
712	996	3631	6348	6375
713	3631	508	6470	6527
714	508	3631	6552	6609
715	3631	2925	6656	6687
716	2925	996	6687	6740
717	996	2925	6794	6867
718	2925	3631	6872	6901
719	3631	4185	6901	6942
720	4185	830	6986	7038
721	830	5789	7038	7040
722	5789	669	7173	7322
723	669	3480	7326	7404
724	3480	2997	7404	7448
725	2997	7331	7471	7543
726	7331	1014	7543	7545
727	1014	2997	7690	7767
728	2997	3480	7788	7836
729	3480	1419	7846	7922
730	6849	5100	405	526
731	5100	7331	714	780
732	7331	1014	960	962
733	1014	2997	1203	1269
734	2997	7331	1289	1361
735	7331	1014	1361	1363
736	1014	2997	1459	1529
737	2997	3480	1534	1582
738	3480	1419	1603	1680
739	1419	1014	1680	1840
740	1014	5100	1858	1919
741	5100	2997	1931	1961
742	2997	3480	1993	2042
743	3480	669	2075	2157
744	669	830	2160	2317
745	830	3631	2317	2326
746	3631	508	2330	2387
747	508	3631	2412	2469
748	3631	508	2570	2627
749	508	3631	3238	3308
750	3631	508	3590	3647
751	508	3631	3852	3909
752	3631	6888	3910	3934
753	6888	3243	4117	4176
754	3243	3631	4644	4736
755	3631	4185	4739	4768
756	4185	5789	4768	4816
757	5789	669	4847	5012
758	669	1419	5016	5140
759	1419	3480	5179	5277
760	3480	2997	5300	5347
761	2997	7331	5378	5460
762	7331	750	5488	5515
763	750	3638	5515	5573
764	3638	4621	5585	5646
765	4621	3638	6084	6145
766	3638	4621	6155	6216
767	4621	3638	6504	6565
768	3638	4621	6635	6696
769	4621	3638	6744	6805
770	3638	4621	6805	6868
771	4621	3638	6954	7015
772	3638	4621	7025	7086
773	4621	3638	7854	7915
774	3638	4621	7925	7986
775	4621	3638	8094	8155
776	3638	4621	9065	9126
777	4621	3638	9294	9355
778	3638	4621	9545	9606
779	4621	3638	9606	9669
780	3638	4621	9725	9786
781	4621	3638	9834	9895
782	2759	699	182	311
783	699	4513	311	390
784	4513	3870	424	485
785	3870	5915	899	1043
786	5915	699	1073	1080
787	699	3152	1080	1102
788	3152	1419	1154	1206
789	1419	3480	1355	1445
790	3480	2997	1462	1507
791	2997	7331	1521	1586
792	7331	1014	1586	1588
793	1014	2761	1773	1810
794	2761	1014	1810	1828
795	1014	6900	1862	1898
796	6900	1014	1898	1937
797	1014	5100	2043	2090
798	5100	2997	2109	2137
799	2997	3480	2150	2197
800	3480	669	2222	2308
801	669	830	2312	2497
802	830	5789	2497	2499
803	5789	2949	2511	2552
804	2949	830	2615	2669
805	830	5789	2669	2671
806	5789	669	2744	2886
807	669	3480	2889	2964
808	3480	2997	2976	3021
809	2997	7331	3034	3096
810	7331	1014	3096	3098
811	1014	5100	3177	3227
812	5100	2997	3237	3264
813	2997	1014	3264	3341
814	1014	6142	3453	3662
815	6142	7331	3864	4066
816	7331	1014	4066	4068
817	1014	5100	4125	4179
818	5100	2997	4194	4222
819	2997	7331	4227	4312
820	7331	1014	4312	4314
821	1014	1823	4487	4593
822	1823	2744	4593	4639
823	2744	7331	5154	5291
824	7331	5498	5291	5363
825	5498	4651	5378	5405
826	4651	1014	5759	5797
827	1014	1823	5927	6033
828	1823	1184	6874	6966
829	1184	7331	7007	7020
830	7331	1014	7020	7022
831	1014	2997	7061	7131
832	2997	3480	7163	7212
833	3480	2997	7222	7267
834	2997	7331	7281	7346
835	7331	1014	7346	7348
836	1014	2997	8046	8130
837	2997	3480	8148	8194
838	3480	669	8204	8280
839	669	830	8283	8437
840	2759	6849	271	321
841	6849	1014	321	479
842	1014	2997	483	561
843	2997	3480	588	636
844	3480	1419	646	722
845	1419	6849	722	724
846	6849	4513	825	911
847	4513	4377	911	1020
848	4377	1453	1142	1282
849	1453	6116	1715	1953
850	6116	5379	3179	3187
851	5379	5398	3187	3225
852	5398	6116	3287	3317
853	6116	4513	3381	3639
854	4513	3870	3649	3710
855	3870	4513	3712	3772
856	4513	5915	3777	3842
857	5915	699	3869	3876
858	699	3152	3878	3905
859	3152	699	3905	3927
860	699	5915	4044	4049
861	5915	699	4049	4053
862	699	3152	4185	4211
863	3152	699	4211	4233
864	699	5915	4275	4282
865	5915	4513	4321	4383
866	4513	7033	4384	4412
867	7033	3113	4412	4565
868	3113	3631	4583	4685
869	3631	508	4723	4788
870	508	3631	5112	5169
871	3631	508	5169	5222
872	508	3631	5292	5349
873	3631	6888	5350	5374
874	6888	4185	5374	5453
875	4185	830	5484	5537
876	830	5789	5537	5539
877	5789	669	5558	5705
878	669	6710	5712	5733
879	6710	3480	5868	5930
880	3480	2997	5940	5986
881	2997	7331	6005	6085
882	7331	4621	6085	6104
883	4621	3638	6114	6175
884	3638	4621	6185	6246
885	4621	3638	6534	6595
886	3638	4621	6665	6726
887	4621	3638	6834	6895
888	3638	4621	6905	6966
889	4621	750	6966	6972
890	750	7331	6981	7020
891	7331	1014	7020	7022
892	1014	5100	7105	7153
893	5100	2997	7171	7201
894	2997	3480	7225	7274
895	3480	669	7353	7427
896	669	830	7430	7606
897	830	5789	7606	7608
898	5789	4185	7819	7861
899	1014	2997	103	170
900	2997	3480	198	247
901	3480	6710	265	327
902	6710	1035	481	517
903	1035	6710	552	586
904	6710	4513	841	903
905	4513	927	933	950
906	927	4718	950	1046
907	4718	877	1136	1284
908	877	3113	1309	1363
909	3113	830	1382	1493
910	830	5789	1493	1495
911	5789	669	1621	1771
912	669	3152	1790	1836
913	3152	4513	1996	2078
914	4513	6849	2088	2174
915	6849	2759	2498	2550
916	2759	6849	2550	2600
917	6849	3959	2784	2821
918	3959	5915	2821	2839
919	5915	2759	2845	2954
920	2759	6849	3264	3314
921	6849	4513	3465	3551
922	4513	927	3582	3604
923	927	4446	3604	3703
924	4446	3349	3820	3868
925	3349	6296	4030	4068
926	7181	4446	4647	4651
927	4446	4780	4664	4683
928	4780	1453	4683	4774
929	1453	4196	4815	4862
930	4196	4513	4873	4959
931	4513	6849	5328	5414
932	2759	6849	6168	6209
933	6849	4513	6345	6431
934	4513	3870	6529	6590
935	3870	5915	6659	6803
936	5915	699	6833	6840
937	699	5915	7155	7162
938	5915	2759	7165	7274
939	2759	699	7382	7511
940	699	2759	7707	7847
941	1014	1823	167	273
942	1823	1014	273	360
943	1014	2997	490	567
944	2997	3480	594	642
945	3480	6710	654	715
946	6710	699	715	728
947	699	5915	790	796
948	5915	5100	799	922
949	5100	4888	1076	1122
950	4888	7331	1136	1144
951	7331	1014	1144	1146
952	1014	2997	1159	1240
953	2997	3480	1264	1311
954	3480	1419	1329	1408
955	1419	1014	1408	1568
956	1014	2997	1674	1743
957	2997	3480	1762	1811
958	3480	3152	1840	1879
959	3152	3870	1879	2028
960	3870	4513	2272	2332
961	4513	1453	2332	2489
962	1453	3911	2503	2621
963	3911	1453	3178	3285
964	1453	3139	3308	3488
965	3139	1453	3832	4011
966	1453	997	4018	4042
967	997	1453	4058	4082
968	1453	3631	4420	4557
969	3631	5789	4557	4565
970	5789	2949	4624	4666
971	2949	5789	4666	4700
972	5789	669	4717	4887
973	669	3480	4893	4976
974	3480	2997	4984	5028
975	2997	7331	5038	5121
976	7331	1014	5121	5123
977	1014	2997	5523	5589
978	2997	3480	5608	5657
979	3480	3152	5671	5705
980	3152	1419	5932	5983
981	1419	4778	6274	6287
982	4778	2744	6287	6543
983	2744	7331	6594	6731
984	7331	1014	6731	6733
985	1014	5100	7005	7059
986	5100	2997	7074	7102
987	2997	3480	7114	7159
988	3480	669	7172	7248
989	669	830	7259	7406
990	830	5789	7406	7408
991	5789	669	7461	7615
992	669	3480	7618	7709
993	3480	2997	7721	7766
994	2997	7331	7781	7861
995	7331	1014	7861	7863
996	1014	2993	9682	9819
997	1014	6142	163	348
998	6142	1722	348	373
999	1722	6142	476	499
1000	6142	7331	545	744
1001	7331	750	1168	1195
1002	750	7331	1221	1260
1003	7331	1014	1260	1262
1004	1014	2997	1264	1328
1005	2997	3480	1347	1393
1006	3480	669	1412	1488
1007	669	830	1499	1646
1008	830	5789	1646	1648
1009	5789	669	1701	1855
1010	669	3480	1858	1949
1011	3480	2997	1961	2006
1012	2997	3480	2028	2076
1013	3480	6710	2094	2155
1014	6710	3870	2155	2275
1015	3870	5915	2339	2483
1016	5915	699	2513	2520
1017	699	5915	2604	2609
1018	5915	699	2609	2613
1019	699	3152	2745	2771
1020	4475	3480	3164	3165
1021	3480	669	3194	3267
1022	669	830	3270	3439
1023	830	5789	3439	3441
1024	5789	3113	3506	3620
1025	3113	877	3638	3708
1026	877	4446	3743	3833
1027	4446	4238	3912	3965
1028	4238	4377	3965	3971
1029	4377	4630	4012	4073
1030	4630	4718	4073	4133
1031	4718	3251	4176	4305
1032	3251	1453	4305	4307
1033	1453	4377	4636	4737
1034	4377	4513	4874	4960
1035	4513	5818	4960	4967
1036	5818	4377	5225	5343
1037	4377	4513	5354	5440
1038	4513	927	5578	5595
1039	927	4513	5595	5613
1040	4513	6710	5665	5714
1041	6710	5789	5714	5907
1042	5789	3113	5912	6036
1043	3113	877	6046	6100
1044	877	4238	6117	6278
1045	4238	4718	6278	6280
1046	4718	6263	6440	6508
1047	6263	4718	6572	6604
1048	4718	2262	6608	6631
1049	2262	4377	6631	6644
1050	4377	7191	6710	6792
1051	7191	7181	6888	6963
1052	7181	1075	7527	7648
1053	1075	4377	7704	7858
1054	4377	4718	7858	7863
1055	4718	2354	7924	8015
1056	1014	5100	140	189
1057	5100	2997	205	233
1058	2997	3480	248	297
1059	3480	669	314	387
1060	669	830	390	559
1061	830	5789	739	741
1062	5789	669	956	1115
1063	669	3480	1119	1203
1064	3480	2997	1220	1266
1065	2997	3480	1288	1337
1066	3480	3152	1351	1385
1067	3152	4513	1418	1500
1068	4513	7033	1504	1532
1069	7033	4513	1532	1566
1070	4513	6710	1626	1675
1071	6710	1419	1689	1755
1072	1419	3152	1893	1942
1073	3152	699	2029	2056
1074	699	3152	2258	2287
1075	3152	559	2287	2308
1076	559	5915	2348	2353
1077	5915	669	2378	2408
1078	669	830	2412	2597
1079	830	5789	2597	2599
1080	5789	669	2687	2836
1081	669	1419	2843	2923
1082	1419	1938	2923	3163
1083	1938	1175	3269	3331
1084	1175	1014	3331	3351
1085	1014	5100	3483	3530
1086	5100	2997	3549	3577
1087	2997	3480	3590	3637
1088	3480	669	3662	3748
1089	669	830	3752	3937
1090	830	5789	3937	3939
1091	5789	669	4118	4265
1092	669	6710	4272	4293
1093	6710	3480	4428	4490
1094	3480	2997	4500	4546
1095	2997	7331	4565	4645
1096	7331	1014	4645	4647
1097	1014	6900	4742	4778
1098	6900	7331	5311	5378
1099	7331	1014	5378	5380
1100	1014	5100	5400	5448
1101	5100	2997	5460	5490
1102	2997	3480	5513	5561
1103	3480	669	5579	5653
1104	669	830	5656	5801
1105	830	5789	5801	5803
1106	5789	669	5883	6027
1107	669	3480	6030	6103
1108	3480	2997	6115	6160
1109	2997	7331	6173	6243
1110	7331	1014	6243	6245
1111	1014	2997	6250	6327
1112	2997	7331	6341	6421
1113	7331	3125	6421	6426
1114	3125	6563	6532	6565
1115	6563	3125	6565	6616
1116	3125	6563	6652	6687
1117	6563	3125	6724	6757
1118	3125	4475	6805	6902
1119	4475	2997	6902	6947
1120	2997	3480	6953	7001
1121	3480	669	7019	7093
1122	669	830	7096	7241
1123	830	5789	7241	7243
1124	5789	3113	7352	7476
1125	3113	830	7592	7706
1126	830	5789	7706	7708
1127	5789	669	8063	8205
1128	669	1419	8208	8300
1129	5789	669	181	331
1130	669	3152	350	396
1131	3152	6710	768	795
1132	6710	559	795	805
1133	559	5915	908	913
1134	5915	669	938	968
1135	669	830	972	1157
1136	830	5789	1157	1159
1137	5789	669	1264	1407
1138	669	5915	1412	1438
1139	5915	4513	1441	1503
1140	4513	4238	1561	1701
1141	4238	4718	1701	1703
1142	4718	3012	1717	1740
1143	3012	4718	1740	1754
1144	4718	4513	1926	2045
1145	4513	3152	2072	2165
1146	3152	6710	2208	2235
1147	6710	4513	2281	2343
1148	4513	927	2373	2390
1149	927	4196	2390	2512
1150	4196	1453	2577	2624
1151	1453	877	2624	2624
1152	877	3113	2749	2803
1153	3113	830	2822	2933
1154	830	5789	2933	2935
1155	5789	4185	3221	3261
1156	4185	830	4044	4097
1157	830	5789	4097	4099
1158	5789	669	4184	4326
1159	669	3480	4329	4404
1160	3480	2997	4416	4461
1161	2997	7331	4474	4536
1162	7331	1014	4536	4538
1163	1014	2997	4554	4623
1164	2997	3480	4642	4691
1165	3480	3152	4720	4759
1166	3152	699	5236	5263
1167	699	3152	5625	5651
1168	3152	699	5651	5673
1169	699	5915	5707	5714
1170	5915	2759	5725	5834
1171	2759	699	5942	6071
1172	699	4513	6071	6150
1173	4513	4377	6201	6303
1174	4377	4513	6314	6400
1175	4513	4238	6520	6662
1176	4238	4718	6662	6664
1177	4718	6296	6683	6719
1178	6296	960	6719	6753
1179	960	4446	6797	6837
1180	4446	4780	6837	6855
1181	4780	7181	6888	6899
1182	7181	4446	6899	6903
1183	4446	4780	6921	6939
1184	4780	960	6965	6980
1185	960	3251	7031	7100
1186	3251	3349	7100	7171
1187	3349	6296	7602	7651
1188	6296	4446	7651	7653
1189	4446	3349	7733	7784
1190	3349	1453	7784	7854
1191	1453	3911	7868	7974
1192	5789	6985	479	604
1193	6985	102	745	768
1194	102	830	865	955
1195	830	5789	1135	1137
1196	5789	669	1159	1307
1197	669	3480	1317	1395
1198	3480	6710	1419	1478
1199	6710	669	1505	1526
1200	669	830	1531	1679
1201	830	5593	1679	1696
1202	5593	830	1710	1736
1203	830	5789	1736	1738
1204	5789	4185	1781	1821
1205	4185	5789	1821	1869
1206	5789	4185	1906	1952
1207	4185	3631	1952	1993
1208	3631	2925	2336	2367
1209	2925	996	2375	2450
1210	996	2925	2474	2547
1211	2925	3631	2547	2573
1212	3631	3113	2840	2938
1213	3113	877	3166	3220
1214	877	1075	3220	3227
1215	1075	997	3345	3382
1216	997	1453	3412	3442
1217	1453	4196	3855	3902
1218	4196	4513	3913	3999
1219	4513	6849	4008	4094
1220	6849	2759	5378	5430
1221	2759	699	5656	5790
1222	699	5593	5790	5996
1223	5593	830	6030	6056
1224	830	5789	6056	6058
1225	5789	669	6157	6327
1226	669	3480	6333	6416
1227	3480	2997	6424	6468
1228	2997	7331	6478	6561
1229	7331	1014	6561	6563
1230	1014	2221	6588	6669
1231	2221	7331	6710	6798
1232	7331	1014	6798	6800
1233	1014	5100	6840	6888
1234	5100	2997	6900	6930
1235	2997	5100	6930	6957
1236	5100	7331	6991	7043
1237	4718	6263	175	213
1238	6263	4718	213	234
1239	4718	3012	386	420
1240	3012	5078	420	434
1241	5078	3012	600	615
1242	3012	4630	1227	1267
1243	4630	4377	1824	1880
1244	4377	4718	1880	1885
1245	4718	2262	2288	2311
1246	2262	997	2311	2411
1247	997	1453	2498	2522
1248	1453	877	2702	2702
1249	877	4238	2956	3081
1250	4238	4718	3081	3083
1251	4718	2354	3138	3279
1252	2354	4718	3279	3345
1253	4718	4513	3366	3485
1254	4513	3152	3512	3605
1255	3152	6710	3605	3634
1256	6710	4513	3721	3783
1257	4513	927	3813	3830
1258	927	4513	3830	3848
1259	4513	4377	3919	4007
1260	4377	6804	4175	4233
1261	6804	4513	4705	4762
1262	4513	4238	5080	5222
1263	4238	4718	5222	5224
1264	4718	6296	5243	5279
1265	6296	2136	5279	5302
1266	2136	4238	5370	5387
1267	4238	4377	5387	5393
1268	4377	6804	5615	5673
1269	6804	4446	5673	5734
1270	4446	4513	5817	5932
1271	4513	4377	6107	6215
1272	4377	4718	6215	6220
1273	4718	877	6402	6508
1274	877	3113	6518	6583
1275	3113	830	6598	6710
1276	830	5789	6710	6712
1277	5789	669	6716	6875
1278	669	3480	6879	6963
1279	3480	2997	6980	7026
1280	2997	7331	7049	7121
1281	7331	1823	7121	7206
1282	1823	7331	7834	7917
1283	7331	3125	7917	7922
1284	3125	6849	8158	8313
1285	6849	2759	8319	8348
1286	2759	699	9328	9449
1287	699	2759	10035	10080
1288	6116	5379	299	307
1289	5379	5398	307	345
1290	5398	6116	407	437
1291	6116	4513	501	759
1292	4513	6849	768	854
1293	6849	2759	854	904
1294	2759	6849	999	1049
1295	6849	1014	1439	1597
1296	1014	6142	1603	1788
1297	6142	1722	1788	1813
1298	1722	6142	1916	1939
1299	6142	7331	2424	2626
1300	7331	1014	2626	2628
1301	1014	2997	2643	2709
1302	2997	3480	2728	2777
1303	3480	3152	2791	2825
1304	3152	3959	2825	2827
1305	3959	4513	2837	2897
1306	4513	4377	3321	3423
1307	4377	4513	3434	3520
1308	4513	4238	3640	3782
1309	4238	4377	3782	3788
1310	4377	7191	3830	3912
1311	3139	1453	4790	4930
1312	1453	3139	4988	5168
1313	3139	1453	6230	6411
1314	1453	3139	6908	7090
1315	3139	3911	7237	7317
1316	3911	1453	7498	7605
1317	1453	1075	7605	7612
1318	1075	1453	7639	7651
1319	1453	877	8175	8175
1320	877	3113	8259	8324
1321	3113	830	8343	8507
1322	4621	3638	294	355
1323	3638	4621	455	516
1324	4621	3638	924	985
1325	3638	4621	1115	1176
1326	4621	3638	1254	1315
1327	3638	4621	1715	1776
1328	4621	3638	1794	1855
1329	3638	4621	1865	1926
1330	4621	3638	2334	2395
1331	3638	4621	2405	2466
1332	4621	3638	2484	2545
1333	3638	4621	2585	2646
1334	4621	3638	2694	2755
1335	3638	4621	3275	3336
1336	4621	3638	3564	3625
1337	3638	4621	3785	3846
1338	4621	3638	3954	4015
1339	3638	4621	4025	4086
1340	4621	3638	4674	4735
1341	3638	4621	4865	4926
1342	4621	3638	5124	5185
1343	3638	4621	5195	5256
1344	4621	3638	5274	5335
1345	3638	4621	5465	5526
1346	4621	750	5526	5532
1347	750	7331	5541	5580
1348	7331	1014	5580	5582
1349	1014	2997	5584	5648
1350	2997	3480	5667	5713
1351	3480	6710	5739	5798
1352	6710	4513	5832	5879
1353	4513	4446	5879	5996
1354	4446	3349	6045	6090
1355	3349	6296	6162	6211
1356	6296	5885	6211	6245
1357	5885	7191	6460	6506
1358	7191	5885	6574	6619
1359	5885	7191	6619	6674
1360	7191	4377	6768	6850
1361	4377	4718	6850	6855
1362	4718	6296	7088	7142
1363	6296	4446	7142	7144
1364	4446	4513	7257	7372
1365	4513	6710	7386	7435
1366	6710	1419	7449	7515
1367	3243	3631	348	421
1368	3631	6990	429	451
1369	6990	6844	845	864
1370	6844	3631	864	866
1371	3631	2925	896	927
1372	2925	3631	1112	1141
1373	3631	3113	1400	1498
1374	3113	4196	1498	1513
1375	4196	4513	1873	1959
1376	4513	4196	1999	2088
1377	4196	1453	2097	2144
1378	1453	3139	2228	2408
1379	3139	1453	3222	3411
1380	1453	4196	3411	3464
1381	4196	1453	3537	3584
1382	1453	3139	3908	4089
1383	3139	3113	4132	4250
1384	3113	3243	4250	4392
1385	3243	3631	4668	4741
1386	3631	5789	4741	4749
1387	5789	6985	4799	4924
1388	6985	102	5065	5088
1389	102	830	5185	5275
1390	830	4185	5275	5325
1391	4185	3631	5357	5395
1392	3631	508	5450	5507
1393	508	3631	5507	5560
1394	3631	3113	5720	5818
1395	3113	1453	6132	6195
1396	1453	4196	6255	6302
1397	4196	4513	6313	6399
1398	4513	4377	6799	6887
1399	4377	4718	6887	6892
1400	4718	877	6896	7044
1401	877	4238	7153	7290
1402	4238	4718	7290	7292
1403	4718	877	7387	7496
1404	877	3113	7507	7563
1405	3113	877	7958	8028
1406	877	1453	8028	8028
1407	1453	997	8098	8122
1408	997	1453	8138	8162
1409	1453	3631	8740	8877
1410	877	3113	307	363
1411	3113	830	392	506
1412	830	5789	506	508
1413	5789	996	541	588
1414	996	830	707	757
1415	830	5789	757	759
1416	5789	669	863	1005
1417	669	1419	1008	1108
1418	1419	3152	1297	1356
1419	3152	669	1461	1503
1420	669	830	1513	1669
1421	830	5789	1669	1671
1422	5789	6888	1678	1719
1423	6888	3243	1723	1776
1424	3243	1197	1805	1836
1425	1197	3243	1836	1868
1426	3243	1480	2312	2324
1427	1480	3243	2366	2378
1428	3243	3631	3204	3296
1429	3631	4185	3299	3328
1430	4185	508	3328	3350
1431	508	3631	3672	3729
1432	3631	2925	3776	3807
1433	2925	996	3815	3890
1434	996	2925	3914	3987
1435	2925	3631	3992	4021
1436	3631	3113	4280	4378
1437	3113	3139	4378	4511
1438	3139	1453	4662	4851
1439	1453	3139	4868	5048
1440	3139	3113	5572	5690
1441	3911	1453	6058	6165
1442	1453	997	6178	6202
1443	997	1075	6218	6253
1444	1075	1453	6253	6260
1445	1453	3139	6308	6488
1446	3139	1453	6832	7011
1447	1453	877	7011	7011
1448	877	3113	7069	7123
1449	3113	830	7142	7253
1450	830	3631	7253	7262
1451	3631	1453	7310	7444
1452	1453	877	7444	7444
1453	877	4238	7557	7718
1454	4238	7191	7718	7836
1455	7191	4377	7848	7930
1456	4377	7191	7930	8042
1457	7191	4377	8088	8170
1458	4377	6263	8170	8196
1459	6263	4377	9046	9070
1460	4377	4513	9194	9280
1461	4513	6849	9288	9374
1462	6849	4513	9465	9551
1463	4513	4377	9561	9663
1464	4377	4630	9772	9833
1465	4196	4513	433	519
1466	4513	4196	559	648
1467	4196	1453	657	704
1468	1453	4196	975	1022
1469	4196	4513	1153	1239
1470	4513	4377	1239	1348
1471	4377	4513	1388	1500
1472	4513	4718	1500	1614
1473	4718	877	1627	1736
1474	877	1453	1736	1736
1475	1453	997	1858	1882
1476	997	1453	1882	1911
1477	1453	3139	2108	2288
1478	3139	1453	2392	2571
1479	1453	877	2571	2571
1480	877	4446	2866	2955
1481	4446	960	3052	3097
1482	960	877	3097	3170
1483	877	3113	3187	3243
1484	3113	4196	3243	3258
1485	4196	4513	3313	3399
1486	4513	4377	3439	3527
1487	4377	7191	3650	3743
1488	7191	4377	3768	3850
1489	4377	2262	3850	3864
1490	2262	4238	3915	3939
1491	4238	4718	3939	3941
1492	4718	6296	4208	4262
1493	6296	4446	4262	4264
1494	4446	4513	4377	4492
1495	4513	4377	4667	4775
1496	4377	4446	4775	4798
1497	4446	3349	4853	4904
1498	3349	6296	4998	5043
1499	6296	4446	5043	5045
1500	4446	3349	5112	5160
1501	3349	960	5280	5292
1502	960	3349	5292	5304
1503	3349	6296	5470	5508
1504	6296	4377	5508	5532
1505	4377	1453	5582	5722
1506	1453	877	5722	5722
1507	877	4238	5836	5961
1508	4238	4718	5961	5963
1509	4718	2354	6018	6159
1510	2354	6235	6159	6227
1511	6235	2354	6242	6308
1512	2354	4238	6690	6802
1513	4238	4630	6802	6861
1514	4630	5078	7088	7133
1515	5078	4718	7133	7138
1516	4718	2221	7166	7264
1517	2221	86	7378	7407
1518	86	3638	7407	7442
1519	3638	4621	7805	7866
1520	4621	3638	7914	7975
1521	3638	4621	8105	8166
1522	4621	1070	8166	8177
1523	1070	4010	8474	8500
1524	4010	6563	8979	9049
1525	6563	4888	9049	9096
1526	4888	2997	9816	9904
1527	2997	3480	9915	9965
1528	3480	699	9975	10059
1529	508	3631	972	1029
1530	3631	6888	1030	1054
1531	6888	5789	1054	1098
1532	5789	3113	1218	1329
1533	3113	877	1337	1390
1534	877	4238	1393	1530
1535	4238	4718	1530	1532
1536	4718	6263	1615	1653
1537	6263	4718	1653	1674
1538	4718	2354	1698	1839
1539	2354	4238	2370	2482
1540	4238	3012	2482	2495
1541	3012	4630	2667	2707
1542	4630	4718	2707	2767
1543	4718	6296	2768	2822
1544	6296	4446	2822	2824
1545	4446	877	2914	3001
1546	877	4238	3237	3398
1547	4238	5078	3398	3404
1548	5078	3012	3480	3495
1549	3012	4718	3495	3509
1550	4718	6263	3560	3628
1551	6263	4377	3628	3654
1552	4377	1075	3722	3874
1553	1075	4377	3924	4078
1554	4377	4630	4132	4193
1555	4630	7191	4693	4841
1556	7191	5885	4894	4939
1557	5885	4377	4939	4996
1558	4377	7191	5150	5232
1559	7191	4446	5232	5321
1560	4446	4780	5481	5499
1561	4780	960	5525	5540
1562	960	3251	5591	5660
1563	3251	4196	5660	5712
1564	4196	4513	6193	6279
1565	4513	3870	6279	6333
1566	3870	5915	6354	6478
1567	5915	3152	6478	6497
1568	3152	699	6676	6703
1569	699	3152	6758	6785
1570	4475	3480	7199	7200
1571	3480	669	7285	7358
1572	669	830	7393	7551
1573	830	5789	7551	7553
1574	5789	669	7597	7767
1575	669	3480	7773	7856
1576	3480	2997	7864	7908
1577	2997	6563	7908	7937
1578	6563	7331	7943	8032
1579	7331	1014	8032	8034
1580	1014	2997	8445	8533
1581	2997	3480	8542	8587
1582	3480	669	8596	8670
1583	669	830	8673	8818
1584	3638	4621	395	456
1585	4621	3638	474	535
1586	3638	4621	1175	1236
1587	4621	1184	1236	1262
1588	1184	2997	1282	1366
1589	2997	3480	1392	1441
1590	3480	1419	1449	1530
1591	1419	3480	1625	1707
1592	3480	2997	1723	1769
1593	2997	3480	1781	1831
1594	3480	1419	1856	1948
1595	1419	4778	1954	1967
1596	4778	1419	1967	1975
1597	1419	2759	2086	2146
1598	2759	6900	2146	2343
1599	6900	7331	2431	2498
1600	7331	1014	2498	2500
1601	1014	5100	2520	2568
1602	5100	2997	2580	2610
1603	2997	7331	2629	2706
1604	7331	1184	2706	2715
1605	1184	7331	2829	2844
1606	7331	1014	2844	2846
1607	1014	1184	2885	2911
1608	1184	1014	2911	2922
1609	1014	6142	3043	3228
1610	6142	1722	3228	3253
1611	1722	6142	3356	3379
1612	6142	2993	3379	3487
1613	2993	7331	3732	3834
1614	7331	3125	3834	3839
1615	3125	4475	3925	4022
1616	4475	3125	6084	6182
1617	3125	4621	6215	6240
1618	4621	3638	6894	6955
1619	3638	2221	6955	6956
1620	2221	7331	7056	7126
1621	7331	1014	7126	7128
1622	1014	5100	7426	7475
1623	5100	2997	7494	7524
1624	2997	3480	7551	7601
1625	3480	669	7620	7705
1626	669	830	7708	7878
1627	830	5789	7878	7880
1628	5789	3113	8418	8529
1629	3113	3631	8903	9005
1630	3631	3113	10040	10080
1631	4718	877	187	296
1632	877	1453	296	296
1633	1453	4196	495	542
1634	4196	4513	793	879
1635	4513	5915	897	962
1636	5915	699	989	996
1637	699	5915	1164	1169
1638	5915	3152	1169	1188
1639	3152	699	1311	1342
1640	699	5915	1387	1394
1641	5915	699	1477	1484
1642	699	5287	1971	2011
1643	5287	5100	2011	2107
1644	5100	7331	2154	2220
1645	7331	1175	2400	2419
1646	1175	1938	2432	2496
1647	1938	1175	3231	3300
1648	1175	1014	3300	3320
1649	1014	2997	3370	3447
1650	2997	3480	3468	3516
1651	3480	1419	3526	3602
1652	1419	3480	4064	4149
1653	3480	2997	4165	4211
1654	2997	3480	4234	4279
1655	3480	669	4292	4368
1656	669	830	4379	4526
1657	830	5789	4526	4528
1658	5789	669	4581	4735
1659	669	3480	4738	4829
1660	3480	2997	4841	4886
1661	2997	7331	4901	4981
1662	7331	5100	4981	5032
1663	5100	7331	5034	5100
1664	7331	4888	5100	5104
1665	4888	7331	5456	5464
1666	7331	1184	5464	5473
1667	1184	2997	5602	5686
1668	2997	3480	5712	5761
1669	3480	2997	5782	5827
1670	2997	7331	5841	5906
1671	7331	1014	5906	5908
1672	1014	1469	6003	6038
1673	1469	3638	6038	6119
1674	3638	4621	6125	6186
1675	4621	3638	6714	6775
1676	3638	4621	6935	6996
1677	4621	3638	7014	7075
1678	3638	4621	7655	7716
1679	4621	3638	8154	8217
1680	3638	4621	8405	8466
1681	4446	3349	533	584
1682	3349	960	960	972
1683	960	4446	1037	1077
1684	4446	4780	1161	1179
1685	4780	960	1205	1220
1686	960	3251	1271	1340
1687	3251	877	1340	1342
1688	877	3113	1747	1803
1689	3113	830	1832	1946
1690	830	5789	1946	1948
1691	5789	669	1967	2132
1692	669	1419	2136	2260
1693	1419	3152	2329	2385
1694	3152	4513	2434	2519
1695	4513	4238	2525	2694
1696	4238	4377	2694	2700
1697	4377	1453	2702	2842
1698	1453	3631	2980	3117
1699	3631	3243	3117	3227
1700	3243	1480	3752	3764
1701	1480	1197	3764	3786
1702	1197	3243	4926	4957
1703	3243	1197	4996	5028
1704	1197	3243	5028	5060
1705	3243	1480	5192	5204
1706	1480	6116	5204	5388
1707	6116	5379	6059	6067
1708	5379	5398	6067	6105
1709	5398	6116	6167	6197
1710	6116	3139	6197	6259
1711	3139	1453	6352	6531
1712	1453	4196	6735	6782
1713	4196	4513	6793	6879
1714	4513	3870	7825	7892
1715	4446	3349	285	330
1716	3349	6296	402	451
1717	6296	4446	451	453
1718	4446	960	596	636
1719	960	3349	636	648
1720	3349	6296	678	723
1721	6296	4446	903	905
1722	4446	3349	940	988
1723	3349	6296	1150	1188
1724	6296	4446	1188	1190
1725	4446	960	1216	1246
1726	960	4718	1246	1308
1727	4718	6296	1328	1382
1728	960	4446	1439	1474
1729	4446	4513	1497	1612
1730	4513	4238	2200	2342
1731	4238	4377	2342	2348
1732	4377	4513	2398	2503
1733	4513	4446	2503	2620
1734	4446	960	2656	2686
1735	960	3251	2711	2780
1736	3251	1453	2780	2782
1737	1453	6116	3155	3393
1738	6116	3139	3410	3456
1739	3139	1453	3952	4131
1740	1453	4377	4657	4806
1741	4377	2262	4806	4820
1742	2262	4238	4826	4855
1743	4238	4718	4855	4857
1744	4718	877	4962	5068
1745	877	3113	5078	5143
1746	3113	830	5158	5270
1747	830	5789	5270	5272
1748	5789	669	5276	5435
1749	669	3480	5439	5523
1750	3480	2997	5540	5586
1751	2997	7331	5609	5681
1752	7331	1014	5681	5683
1753	1014	6900	5694	5738
1754	6900	1014	5738	5777
1755	1014	2997	5779	5849
1756	2997	3480	5864	5912
1757	3480	2997	5926	5972
1758	2997	7331	6000	6080
1759	7331	1014	6080	6082
1760	1014	5100	6178	6239
1761	5100	2997	6251	6281
1762	2997	3480	6313	6362
1763	3480	669	6395	6477
1764	669	830	6480	6637
1765	830	3631	6637	6646
1766	3631	508	6650	6707
1767	508	3631	6732	6789
1768	3631	4185	6789	6830
1769	4185	830	6924	6977
1770	830	5789	6977	6979
1771	5789	669	6998	7145
1772	669	6710	7152	7173
1773	6710	4513	7464	7512
1774	4513	4377	7641	7743
1775	4377	4513	7754	7840
1776	4513	3959	8953	9012
1777	3959	6849	9020	9060
1778	3638	4621	845	906
1779	4621	5498	906	995
1780	5498	4651	1058	1085
1781	4651	5498	1760	1793
1782	5498	3125	1829	1885
1783	3125	2759	1918	2108
1784	2759	7073	2108	2312
1785	7073	7331	2556	2567
1786	7331	1014	2567	2569
1787	1014	2997	2599	2680
1788	2997	3480	2704	2751
1789	3480	1419	2769	2848
1790	1419	1014	2848	3008
1791	1014	5100	3020	3069
1792	5100	2997	3085	3113
1793	2997	3480	3128	3177
1794	3480	2997	3177	3221
1795	2997	3480	3274	3321
1796	3480	669	3335	3419
1797	669	830	3422	3576
1798	830	5789	3576	3578
1799	5789	669	3620	3766
1800	669	3152	3776	3820
1801	3152	3480	3955	3991
1802	3480	2997	4008	4057
1803	2997	7331	4069	4146
1804	7331	1419	4146	4308
1805	1419	3480	4395	4474
1806	3480	1419	4483	4560
1807	1419	3152	4773	4822
1808	3152	4513	4876	4958
1809	4513	6849	4968	5054
1810	6849	2759	5258	5310
1811	2759	3125	5448	5642
1812	1756	1175	6099	6176
1813	1175	1938	6812	6876
1814	1938	3638	6876	6908
1815	3638	4621	6965	7026
1816	3638	4621	905	966
1817	4621	1175	966	982
1818	1175	1938	1052	1116
1819	1938	2993	1116	1117
1820	2993	7331	1234	1330
1821	7331	1014	1330	1332
1822	1014	6900	1374	1418
1823	6900	1014	1418	1457
1824	1014	1469	1683	1718
1825	1469	1014	1718	1736
1826	1014	5100	1737	1787
1827	5100	2997	1797	1824
1828	2997	3480	1834	1881
1829	3480	669	1895	1979
1830	669	830	1982	2136
1831	830	5789	2136	2138
1832	5789	669	2180	2326
1833	669	3152	2336	2380
1834	3152	1419	2594	2646
1835	1419	669	2747	2831
1836	669	6710	2832	2853
1837	6710	1419	3129	3195
1838	1419	6849	3195	3197
1839	6849	2759	3938	3990
1840	2759	6849	4728	4769
1841	6849	4513	4905	4991
1842	4513	6849	5088	5174
1843	6849	4513	5265	5351
1844	4513	4377	5359	5447
1845	4377	4630	5572	5633
1846	3638	4621	6069	6130
1847	4621	3638	6144	6205
1848	3638	4621	6305	6366
1849	4621	3638	6444	6505
1850	3638	4621	6515	6576
1851	4621	3125	6690	6715
1852	3125	5498	6738	6796
1853	5498	1014	6796	6866
1854	1014	2997	6919	7000
1855	2997	3480	7024	7071
1856	3480	1419	7089	7168
1857	1419	3480	7385	7467
1858	3480	2997	7483	7529
1859	2997	7331	7550	7653
1860	7331	3125	7653	7658
1861	3125	2759	7678	7868
1862	2759	3125	9288	9482
1863	3125	6849	9598	9753
1864	6849	2759	9759	9788
1865	4196	4513	553	639
1866	4513	3870	769	830
1867	3870	4513	832	892
1868	4513	6116	919	1180
1869	6116	3139	1180	1242
1870	3139	3113	1252	1370
1871	3113	3631	1703	1805
1872	3631	508	1843	1908
1873	508	3631	2156	2225
1874	3631	6990	2255	2278
1875	6990	5789	2278	2289
1876	5789	3113	2658	2769
1877	3113	877	2777	2830
1878	877	4238	2833	2970
1879	4238	4718	2970	2972
1880	4718	6263	3055	3093
1881	6263	4718	3093	3114
1882	4718	3012	3157	3180
1883	3012	4377	3180	3199
1884	4377	1453	3234	3344
1885	1453	1075	3344	3351
1886	1075	4377	3384	3538
1887	4377	5818	3658	3771
1888	508	5789	4319	4380
1889	5789	3113	4472	4596
1890	3113	877	4606	4660
1891	877	4238	4677	4838
1892	4238	4377	4838	4844
1893	4377	7191	4850	4943
1894	7191	4377	5088	5170
1895	4377	4513	5278	5383
1896	4513	4238	5660	5839
1897	4238	4718	5839	5841
1898	4718	2262	6066	6090
1899	2262	4446	6090	6111
1900	4446	3349	6552	6600
1901	3349	960	6720	6732
1902	960	3349	6797	6809
1903	3349	6296	6910	6948
1904	6296	4446	6948	6950
1905	4446	960	6976	7006
1906	960	4446	7040	7076
1907	4446	4238	7237	7274
1908	4238	4446	7274	7303
1909	4446	4377	7316	7337
1910	4377	4630	7343	7425
1911	5789	4185	466	512
1912	4185	830	921	967
1913	830	4185	967	1017
1914	4185	3631	1037	1075
1915	3631	4185	1075	1116
1916	4185	830	1164	1217
1917	830	5789	1217	1219
1918	5789	669	1247	1396
1919	669	1419	1403	1483
1920	1419	2759	1483	1535
1921	2759	699	1622	1751
1922	699	5915	2230	2236
1923	5915	5773	2239	2357
1924	5773	3125	2357	2411
1925	3125	4475	2485	2582
1926	4475	3152	2582	2624
1927	3152	699	2751	2782
1928	699	5915	2835	2842
1929	5915	4513	2842	2918
1930	4513	1419	2932	3044
1931	1419	3152	3333	3382
1932	3152	699	3382	3404
1933	699	5287	3411	3451
1934	5287	3152	3451	3469
1935	3152	699	3469	3496
1936	699	3152	3698	3727
1937	3152	559	3727	3748
1938	559	5915	3788	3793
1939	5915	669	3818	3848
1940	669	830	3852	4037
1941	830	5789	4037	4039
1942	5789	3113	4098	4209
1943	3113	877	4217	4270
1944	877	4446	4306	4395
1945	4446	3349	4605	4650
1946	3349	1453	4650	4720
1947	1453	997	4738	4762
1948	997	1075	4762	4798
1949	1075	4377	4824	4978
1950	4377	7191	5090	5183
1951	7191	4377	5208	5290
1952	4377	6804	5495	5553
1953	6804	4377	7585	7638
1954	4377	7191	7656	7747
1955	7191	5885	7774	7819
1956	5885	7191	7900	7946
1957	7191	4377	7968	8050
1958	4377	4718	8050	8055
1959	4718	877	8099	8245
1960	877	1453	8245	8245
1961	1453	3139	8348	8530
1962	6710	4513	192	239
1963	4513	3959	313	372
1964	3959	6849	380	420
1965	6849	4513	465	551
1966	4513	4377	551	660
1967	4377	5818	778	891
1968	5818	4513	891	898
1969	4513	6849	1128	1214
1970	6849	3959	1344	1381
1971	3959	4513	1397	1457
1972	4513	927	1555	1572
1973	927	4718	1572	1668
1974	4718	2262	1746	1770
1975	2262	4377	1770	1783
1976	4377	1453	1794	1904
1977	1453	4196	1935	1982
1978	4196	4513	1993	2079
1979	4513	927	2142	2164
1980	927	4377	2164	2256
1981	4377	7191	2270	2352
1982	7191	4377	2377	2468
1983	4377	4780	2468	2508
1984	4780	7181	2568	2579
1985	7181	4446	2579	2583
1986	4446	4780	2601	2619
1987	4780	960	2645	2660
1988	960	4446	2720	2756
1989	4446	4718	2756	2784
1990	4718	2221	2846	2944
1991	2221	3638	2944	2945
1992	3638	4621	3245	3306
1993	4621	1175	3810	3826
1994	1175	1756	3868	3941
1995	1756	3638	3941	4029
1996	3638	4621	4055	4116
1997	3638	4621	4629	4690
1998	4621	3638	4704	4765
1999	3638	6263	4765	4869
2000	6263	4718	5132	5164
2001	4718	2262	5168	5191
2002	2262	4377	5191	5204
2003	4377	7191	5270	5352
2004	7191	4446	5352	5441
2005	4446	4238	5533	5569
2006	4238	4718	5569	5571
2007	4718	6296	5648	5702
2008	7181	1075	6087	6208
2009	1075	997	6225	6262
2010	997	1453	6292	6322
2011	1453	3139	6668	6848
2012	3911	3139	7585	7670
2013	3139	1453	7670	7851
2014	1453	997	7858	7882
2015	997	1453	7898	7922
2016	1453	4196	9135	9182
2017	4196	4513	9193	9279
2018	4513	6849	9408	9494
2019	4630	6263	373	413
2020	6263	4718	812	844
2021	4718	4377	844	849
2022	4377	7191	950	1032
2023	7191	4377	2088	2170
2024	4377	7191	2210	2303
2025	7191	4377	2328	2410
2026	4377	6804	2615	2673
2027	6804	6949	3217	3221
2028	6949	2262	3221	3264
2029	2262	4238	3386	3415
2030	4238	4718	3595	3597
2031	4718	2354	3604	3695
2032	2354	4238	3810	3922
2033	4238	4377	3922	3928
2034	4377	1453	4142	4282
2035	1453	877	4282	4282
2036	877	4238	4396	4521
2037	4238	4377	4521	4527
2038	4377	4513	4626	4742
2039	4513	3870	4744	4805
2040	3870	4513	4805	4859
2041	4513	4377	4879	4967
2042	4377	1075	5162	5314
2043	1075	1453	5314	5321
2044	1453	3139	5468	5650
2045	3139	1453	6102	6291
2046	1453	3349	6291	6361
2047	3349	6296	6438	6483
2048	6296	7191	6483	6571
2049	7191	4377	6648	6730
2050	4377	2262	6730	6744
2051	2262	4238	6795	6819
2052	4630	3638	7199	7264
2053	3638	4621	7595	7656
2054	4621	3638	8274	8335
2055	3638	4621	8345	8406
2056	4621	3125	8406	8421
2057	3125	2759	9118	9308
2058	2759	3125	9768	9962
2059	3125	1014	9962	9969
2060	1014	6900	10014	10058
2061	3638	4621	309	370
2062	4621	3638	384	445
2063	3638	4621	545	606
2064	4621	3638	804	865
2065	3638	4621	875	936
2066	4621	3125	936	951
2067	3125	4475	1045	1142
2068	4475	3125	1764	1862
2069	3125	4621	1895	1920
2070	4621	3125	2370	2395
2071	3125	5498	2418	2476
2072	5498	4651	2498	2525
2073	4651	5498	3200	3233
2074	5498	3125	3269	3325
2075	3125	4621	3335	3360
2076	4621	3638	3714	3775
2077	3638	4621	3845	3906
2078	4621	3638	3924	3985
2079	3638	4621	3995	4056
2080	4621	750	4056	4062
2081	750	7331	4101	4140
2082	7331	1184	4140	4149
2083	1184	2997	4162	4246
2084	2997	3480	4272	4321
2085	3480	1419	4329	4410
2086	1419	3152	4410	4466
2087	3152	699	4909	4936
2088	699	5915	5715	5722
2089	5915	508	5722	5863
2090	508	3631	6118	6188
2091	3631	5789	6188	6196
2092	5789	4185	6226	6272
2093	4185	3243	6272	6422
2094	3243	1197	6436	6468
2095	1197	1480	6468	6490
2096	1480	3243	6686	6698
2097	3243	3631	7793	7869
2098	1938	1175	1829	1891
2099	1175	1014	1891	1911
2100	1014	2997	1923	2001
2101	2997	7331	2021	2101
2102	7331	1014	2101	2103
2103	1014	2221	2268	2349
2104	4630	3638	3253	3318
2105	3638	4621	3335	3396
2106	4621	3638	3624	3685
2107	3638	4621	3685	3748
2108	4621	3638	3774	3835
2109	1938	1175	4671	4740
2110	1175	4621	4740	4756
2111	4621	3638	4794	4855
2112	3638	4621	5075	5136
2113	4621	3638	5214	5275
2114	3638	4621	5285	5346
2115	4621	3638	5454	5515
2116	3638	4621	5525	5586
2117	1938	1175	6111	6180
2118	1175	1938	6752	6816
2119	1938	6142	6816	6925
2120	6142	7331	6962	7147
2121	7331	1014	7147	7149
2122	1014	5100	7189	7238
2123	5100	2997	7255	7283
2124	2997	3480	7294	7342
2125	3480	2997	7416	7460
2126	2997	7331	7918	8001
2127	7331	1014	8001	8003
2128	1014	2997	8359	8440
2129	2997	3480	8464	8511
2130	3480	1419	8529	8608
2131	5498	3125	389	445
2132	3125	4621	455	480
2133	4621	3638	954	1015
2134	3638	4621	1145	1206
2135	4621	3638	1619	1682
2136	3638	4621	1749	1810
2137	4621	3638	1824	1885
2138	3638	4621	1895	1956
2139	4621	3638	2274	2335
2140	3638	1175	2335	2409
2141	1175	1756	2428	2501
2142	1756	1175	3219	3296
2143	1175	1014	3296	3316
2144	1014	2744	3355	3539
2145	2744	1823	3539	3585
2146	1823	1184	3994	4086
2147	1184	7331	4127	4140
2148	7331	1014	4140	4142
2149	1014	2997	4181	4251
2150	2997	3480	4283	4332
2151	3480	2997	4342	4387
2152	2997	7331	4401	4466
2153	7331	1014	4466	4468
2154	1014	5100	4617	4667
2155	5100	2997	4677	4704
2156	2997	3480	4714	4761
2157	3480	669	4775	4859
2158	669	830	4862	5016
2159	830	2925	5016	5038
2160	2925	996	5255	5330
2161	996	2925	5354	5427
2162	2925	3631	5432	5461
2163	3631	5789	5461	5469
2164	5789	3113	5538	5649
2165	3113	877	5657	5710
2166	877	4238	5713	5850
2167	4238	4718	5850	5852
2168	4718	6263	5935	5973
2169	6263	4718	5973	5994
2170	4718	3012	6037	6060
2171	3012	4630	6060	6107
2172	4630	7191	6133	6281
2173	7191	5885	6334	6379
2174	5885	7191	6379	6434
2175	7191	4377	6528	6610
2176	4377	5818	6658	6768
2177	5818	4513	6768	6775
2178	4513	4196	7759	7848
2179	4196	1453	7857	7904
2180	1453	3911	8228	8335
2181	3911	1453	8345	8451
2182	1453	877	8451	8451
2183	877	4446	8593	8685
2184	4446	7191	8685	8774
2185	7191	4377	9288	9370
2186	4377	7191	9410	9503
2187	7191	4377	9577	9668
2188	4377	4718	9668	9673
2189	4718	3012	9813	9837
2190	3139	1453	712	891
2191	1453	3139	1028	1209
2192	3139	1453	2032	2211
2193	1453	3139	2348	2528
2194	3139	3113	2692	2810
2195	3113	3631	3143	3245
2196	3631	508	3283	3348
2197	508	996	3348	3375
2198	996	830	3587	3637
2199	830	5789	3637	3639
2200	5789	669	3644	3808
2201	669	3480	3811	3897
2202	3480	2997	3904	3946
2203	2997	7331	3954	4018
2204	7331	3152	4018	4182
2205	3152	699	4191	4222
2206	699	5915	4267	4274
2207	5915	2759	4285	4394
2208	2759	699	5008	5129
2209	699	559	5129	5135
2210	559	5915	5228	5233
2211	5915	669	5258	5288
2212	669	830	5292	5477
2213	830	5789	5477	5479
2214	5789	669	5567	5716
2215	669	1419	5723	5803
2216	1419	3480	5835	5914
2217	3480	1419	5923	6000
2218	1419	6849	6000	6002
2219	6849	4513	6225	6311
2220	4513	4196	6319	6408
2221	4196	1453	6417	6464
2222	1453	4196	6464	6517
2223	4196	4513	6553	6639
2224	4513	6849	6768	6854
2225	6849	2759	6938	6990
2226	2759	699	7096	7230
2227	699	3152	7230	7252
2228	3152	1419	7372	7423
2229	1419	6849	7423	7425
2230	6849	4513	7665	7751
2231	4513	4377	8121	8223
2232	4377	6804	8495	8553
