1	{'task_type': 'regular', 'locomotive': 22561, 'train_section': 22779, 'section': 22285, 'departure_time': 1536753720, 'arrival_time': 1536762840}
2	{'task_type': 'deadhead', 'locomotive': 22561, 'first_train_section': 22779, 'first_section': 22285, 'first_departure_time': 1536753720, 'first_arrival_time': 1536762840, 'second_train_section': 22903, 'second_section': 22495, 'second_departure_time': 1536795840, 'second_arrival_time': 1536798720}
3	{'task_type': 'regular', 'locomotive': 22561, 'train_section': 22903, 'section': 22495, 'departure_time': 1536795840, 'arrival_time': 1536798720}
4	{'task_type': 'regular', 'locomotive': 22561, 'train_section': 22905, 'section': 22309, 'departure_time': 1536799380, 'arrival_time': 1536804000}
5	{'task_type': 'deadhead', 'locomotive': 22561, 'first_train_section': 22905, 'first_section': 22309, 'first_departure_time': 1536799380, 'first_arrival_time': 1536804000, 'second_train_section': 22633, 'second_section': 22356, 'second_departure_time': 1536830880, 'second_arrival_time': 1536838140}
6	{'task_type': 'regular', 'locomotive': 22561, 'train_section': 22633, 'section': 22356, 'departure_time': 1536830880, 'arrival_time': 1536838140}
7	{'task_type': 'deadhead', 'locomotive': 22561, 'first_train_section': 22633, 'first_section': 22356, 'first_departure_time': 1536830880, 'first_arrival_time': 1536838140, 'second_train_section': 22788, 'second_section': 22499, 'second_departure_time': 1536846300, 'second_arrival_time': 1536851460}
8	{'task_type': 'regular', 'locomotive': 22561, 'train_section': 22788, 'section': 22499, 'departure_time': 1536846300, 'arrival_time': 1536851460}
9	{'task_type': 'regular', 'locomotive': 22561, 'train_section': 22791, 'section': 22347, 'departure_time': 1536851940, 'arrival_time': 1536857280}
10	{'task_type': 'deadhead', 'locomotive': 22561, 'first_train_section': 22749, 'first_section': 22237, 'first_departure_time': 1536876000, 'first_arrival_time': 1536899100, 'second_train_section': 23041, 'second_section': 22314, 'second_departure_time': 1536910440, 'second_arrival_time': 1536913140}
11	{'task_type': 'regular', 'locomotive': 22561, 'train_section': 23041, 'section': 22314, 'departure_time': 1536910440, 'arrival_time': 1536913140}
12	{'task_type': 'deadhead', 'locomotive': 22561, 'first_train_section': 23041, 'first_section': 22314, 'first_departure_time': 1536910440, 'first_arrival_time': 1536913140, 'second_train_section': 22776, 'second_section': 22447, 'second_departure_time': 1536923520, 'second_arrival_time': 1536926400}
13	{'task_type': 'regular', 'locomotive': 22561, 'train_section': 22776, 'section': 22447, 'departure_time': 1536923520, 'arrival_time': 1536926400}
14	{'task_type': 'deadhead', 'locomotive': 22561, 'first_train_section': 22776, 'first_section': 22447, 'first_departure_time': 1536923520, 'first_arrival_time': 1536926400, 'second_train_section': 22619, 'second_section': 22304, 'second_departure_time': 1536960720, 'second_arrival_time': 1536965280}
15	{'task_type': 'regular', 'locomotive': 22561, 'train_section': 22619, 'section': 22304, 'departure_time': 1536960720, 'arrival_time': 1536965280}
16	{'task_type': 'deadhead', 'locomotive': 22561, 'first_train_section': 22619, 'first_section': 22304, 'first_departure_time': 1536960720, 'first_arrival_time': 1536965280, 'second_train_section': 23069, 'second_section': 22256, 'second_departure_time': 1536986520, 'second_arrival_time': 1536989460}
17	{'task_type': 'regular', 'locomotive': 22561, 'train_section': 23069, 'section': 22256, 'departure_time': 1536986520, 'arrival_time': 1536989460}
18	{'task_type': 'deadhead', 'locomotive': 22561, 'first_train_section': 23069, 'first_section': 22256, 'first_departure_time': 1536986520, 'first_arrival_time': 1536989460, 'second_train_section': 22761, 'second_section': 22313, 'second_departure_time': 1537001280, 'second_arrival_time': 1537006200}
19	{'task_type': 'regular', 'locomotive': 22561, 'train_section': 22761, 'section': 22313, 'departure_time': 1537001280, 'arrival_time': 1537006200}
20	{'task_type': 'deadhead', 'locomotive': 22561, 'first_train_section': 22877, 'first_section': 22377, 'first_departure_time': 1537041300, 'first_arrival_time': 1537048740, 'second_train_section': 22688, 'second_section': 22313, 'second_departure_time': 1537087680, 'second_arrival_time': 1537092600}
21	{'task_type': 'regular', 'locomotive': 22561, 'train_section': 22688, 'section': 22313, 'departure_time': 1537087680, 'arrival_time': 1537092600}
22	{'task_type': 'deadhead', 'locomotive': 22561, 'first_train_section': 22688, 'first_section': 22313, 'first_departure_time': 1537087680, 'first_arrival_time': 1537092600, 'second_train_section': 22691, 'second_section': 22458, 'second_departure_time': 1537106280, 'second_arrival_time': 1537115580}
23	{'task_type': 'regular', 'locomotive': 22561, 'train_section': 22691, 'section': 22458, 'departure_time': 1537106280, 'arrival_time': 1537115580}
24	{'task_type': 'regular', 'locomotive': 22562, 'train_section': 22682, 'section': 22313, 'departure_time': 1536759420, 'arrival_time': 1536764880}
25	{'task_type': 'deadhead', 'locomotive': 22562, 'first_train_section': 22682, 'first_section': 22313, 'first_departure_time': 1536759420, 'first_arrival_time': 1536764880, 'second_train_section': 22855, 'second_section': 22245, 'second_departure_time': 1536782220, 'second_arrival_time': 1536786900}
26	{'task_type': 'regular', 'locomotive': 22562, 'train_section': 22855, 'section': 22245, 'departure_time': 1536782220, 'arrival_time': 1536786900}
27	{'task_type': 'regular', 'locomotive': 22565, 'train_section': 22736, 'section': 22284, 'departure_time': 1536771120, 'arrival_time': 1536774780}
28	{'task_type': 'deadhead', 'locomotive': 22565, 'first_train_section': 22736, 'first_section': 22284, 'first_departure_time': 1536771120, 'first_arrival_time': 1536774780, 'second_train_section': 22862, 'second_section': 22438, 'second_departure_time': 1536810120, 'second_arrival_time': 1536821460}
29	{'task_type': 'regular', 'locomotive': 22565, 'train_section': 22862, 'section': 22438, 'departure_time': 1536810120, 'arrival_time': 1536821460}
30	{'task_type': 'deadhead', 'locomotive': 22565, 'first_train_section': 22990, 'first_section': 22328, 'first_departure_time': 1536833940, 'first_arrival_time': 1536848100, 'second_train_section': 23107, 'second_section': 22449, 'second_departure_time': 1536862380, 'second_arrival_time': 1536864540}
31	{'task_type': 'regular', 'locomotive': 22565, 'train_section': 23107, 'section': 22449, 'departure_time': 1536862380, 'arrival_time': 1536864540}
32	{'task_type': 'deadhead', 'locomotive': 22565, 'first_train_section': 23107, 'first_section': 22449, 'first_departure_time': 1536862380, 'first_arrival_time': 1536864540, 'second_train_section': 22588, 'second_section': 22404, 'second_departure_time': 1536891660, 'second_arrival_time': 1536900900}
33	{'task_type': 'regular', 'locomotive': 22565, 'train_section': 22588, 'section': 22404, 'departure_time': 1536891660, 'arrival_time': 1536900900}
34	{'task_type': 'deadhead', 'locomotive': 22565, 'first_train_section': 22588, 'first_section': 22404, 'first_departure_time': 1536891660, 'first_arrival_time': 1536900900, 'second_train_section': 22592, 'second_section': 22308, 'second_departure_time': 1536907260, 'second_arrival_time': 1536909960}
35	{'task_type': 'regular', 'locomotive': 22565, 'train_section': 22592, 'section': 22308, 'departure_time': 1536907260, 'arrival_time': 1536909960}
36	{'task_type': 'deadhead', 'locomotive': 22565, 'first_train_section': 22592, 'first_section': 22308, 'first_departure_time': 1536907260, 'first_arrival_time': 1536909960, 'second_train_section': 23082, 'second_section': 22309, 'second_departure_time': 1536914760, 'second_arrival_time': 1536919320}
37	{'task_type': 'regular', 'locomotive': 22565, 'train_section': 23082, 'section': 22309, 'departure_time': 1536914760, 'arrival_time': 1536919320}
38	{'task_type': 'deadhead', 'locomotive': 22565, 'first_train_section': 23082, 'first_section': 22309, 'first_departure_time': 1536914760, 'first_arrival_time': 1536919320, 'second_train_section': 22667, 'second_section': 22275, 'second_departure_time': 1536930300, 'second_arrival_time': 1536937380}
39	{'task_type': 'regular', 'locomotive': 22565, 'train_section': 22667, 'section': 22275, 'departure_time': 1536930300, 'arrival_time': 1536937380}
40	{'task_type': 'deadhead', 'locomotive': 22565, 'first_train_section': 22667, 'first_section': 22275, 'first_departure_time': 1536930300, 'first_arrival_time': 1536937380, 'second_train_section': 22839, 'second_section': 22427, 'second_departure_time': 1536961740, 'second_arrival_time': 1536964680}
41	{'task_type': 'regular', 'locomotive': 22565, 'train_section': 22839, 'section': 22427, 'departure_time': 1536961740, 'arrival_time': 1536964680}
42	{'task_type': 'regular', 'locomotive': 22565, 'train_section': 22841, 'section': 22443, 'departure_time': 1536965700, 'arrival_time': 1536967380}
43	{'task_type': 'deadhead', 'locomotive': 22565, 'first_train_section': 22841, 'first_section': 22443, 'first_departure_time': 1536965700, 'first_arrival_time': 1536967380, 'second_train_section': 22885, 'second_section': 22477, 'second_departure_time': 1536985200, 'second_arrival_time': 1536987600}
44	{'task_type': 'regular', 'locomotive': 22565, 'train_section': 22885, 'section': 22477, 'departure_time': 1536985200, 'arrival_time': 1536987600}
45	{'task_type': 'regular', 'locomotive': 22567, 'train_section': 22853, 'section': 22404, 'departure_time': 1536772740, 'arrival_time': 1536781620}
46	{'task_type': 'deadhead', 'locomotive': 22567, 'first_train_section': 22853, 'first_section': 22404, 'first_departure_time': 1536772740, 'first_arrival_time': 1536781620, 'second_train_section': 22857, 'second_section': 22308, 'second_departure_time': 1536787440, 'second_arrival_time': 1536790140}
47	{'task_type': 'regular', 'locomotive': 22567, 'train_section': 22857, 'section': 22308, 'departure_time': 1536787440, 'arrival_time': 1536790140}
48	{'task_type': 'deadhead', 'locomotive': 22567, 'first_train_section': 22857, 'first_section': 22308, 'first_departure_time': 1536787440, 'first_arrival_time': 1536790140, 'second_train_section': 23047, 'second_section': 22331, 'second_departure_time': 1536829680, 'second_arrival_time': 1536840480}
49	{'task_type': 'regular', 'locomotive': 22567, 'train_section': 23047, 'section': 22331, 'departure_time': 1536829680, 'arrival_time': 1536840480}
50	{'task_type': 'deadhead', 'locomotive': 22567, 'first_train_section': 23047, 'first_section': 22331, 'first_departure_time': 1536829680, 'first_arrival_time': 1536840480, 'second_train_section': 22793, 'second_section': 22471, 'second_departure_time': 1536857820, 'second_arrival_time': 1536860640}
51	{'task_type': 'regular', 'locomotive': 22567, 'train_section': 22793, 'section': 22471, 'departure_time': 1536857820, 'arrival_time': 1536860640}
52	{'task_type': 'deadhead', 'locomotive': 22567, 'first_train_section': 22793, 'first_section': 22471, 'first_departure_time': 1536857820, 'first_arrival_time': 1536860640, 'second_train_section': 23058, 'second_section': 22495, 'second_departure_time': 1536882240, 'second_arrival_time': 1536885120}
53	{'task_type': 'regular', 'locomotive': 22567, 'train_section': 23058, 'section': 22495, 'departure_time': 1536882240, 'arrival_time': 1536885120}
54	{'task_type': 'deadhead', 'locomotive': 22567, 'first_train_section': 23058, 'first_section': 22495, 'first_departure_time': 1536882240, 'first_arrival_time': 1536885120, 'second_train_section': 23063, 'second_section': 22494, 'second_departure_time': 1536903900, 'second_arrival_time': 1536906120}
55	{'task_type': 'regular', 'locomotive': 22567, 'train_section': 23063, 'section': 22494, 'departure_time': 1536903900, 'arrival_time': 1536906120}
56	{'task_type': 'deadhead', 'locomotive': 22567, 'first_train_section': 23063, 'first_section': 22494, 'first_departure_time': 1536903900, 'first_arrival_time': 1536906120, 'second_train_section': 22752, 'second_section': 22472, 'second_departure_time': 1536923580, 'second_arrival_time': 1536928740}
57	{'task_type': 'regular', 'locomotive': 22567, 'train_section': 22752, 'section': 22472, 'departure_time': 1536923580, 'arrival_time': 1536928740}
58	{'task_type': 'deadhead', 'locomotive': 22567, 'first_train_section': 22752, 'first_section': 22472, 'first_departure_time': 1536923580, 'first_arrival_time': 1536928740, 'second_train_section': 22621, 'second_section': 22247, 'second_departure_time': 1536965940, 'second_arrival_time': 1536974760}
59	{'task_type': 'regular', 'locomotive': 22567, 'train_section': 22621, 'section': 22247, 'departure_time': 1536965940, 'arrival_time': 1536974760}
60	{'task_type': 'deadhead', 'locomotive': 22567, 'first_train_section': 22621, 'first_section': 22247, 'first_departure_time': 1536965940, 'first_arrival_time': 1536974760, 'second_train_section': 22703, 'second_section': 22344, 'second_departure_time': 1537120980, 'second_arrival_time': 1537122000}
61	{'task_type': 'regular', 'locomotive': 22567, 'train_section': 22703, 'section': 22344, 'departure_time': 1537120980, 'arrival_time': 1537122000}
62	{'task_type': 'regular', 'locomotive': 22550, 'train_section': 23035, 'section': 22438, 'departure_time': 1536760320, 'arrival_time': 1536771060}
63	{'task_type': 'regular', 'locomotive': 22550, 'train_section': 23011, 'section': 22325, 'departure_time': 1536806100, 'arrival_time': 1536820380}
64	{'task_type': 'deadhead', 'locomotive': 22550, 'first_train_section': 23011, 'first_section': 22325, 'first_departure_time': 1536806100, 'first_arrival_time': 1536820380, 'second_train_section': 22830, 'second_section': 22466, 'second_departure_time': 1536840300, 'second_arrival_time': 1536841440}
65	{'task_type': 'regular', 'locomotive': 22550, 'train_section': 22830, 'section': 22466, 'departure_time': 1536840300, 'arrival_time': 1536841440}
66	{'task_type': 'deadhead', 'locomotive': 22550, 'first_train_section': 22830, 'first_section': 22466, 'first_departure_time': 1536840300, 'first_arrival_time': 1536841440, 'second_train_section': 22673, 'second_section': 22404, 'second_departure_time': 1536846960, 'second_arrival_time': 1536856500}
67	{'task_type': 'regular', 'locomotive': 22550, 'train_section': 22673, 'section': 22404, 'departure_time': 1536846960, 'arrival_time': 1536856500}
68	{'task_type': 'deadhead', 'locomotive': 22550, 'first_train_section': 22673, 'first_section': 22404, 'first_departure_time': 1536846960, 'first_arrival_time': 1536856500, 'second_train_section': 22677, 'second_section': 22308, 'second_departure_time': 1536862800, 'second_arrival_time': 1536865560}
69	{'task_type': 'regular', 'locomotive': 22550, 'train_section': 22677, 'section': 22308, 'departure_time': 1536862800, 'arrival_time': 1536865560}
70	{'task_type': 'regular', 'locomotive': 22550, 'train_section': 22679, 'section': 22496, 'departure_time': 1536866940, 'arrival_time': 1536871260}
71	{'task_type': 'deadhead', 'locomotive': 22550, 'first_train_section': 22679, 'first_section': 22496, 'first_departure_time': 1536866940, 'first_arrival_time': 1536871260, 'second_train_section': 23104, 'second_section': 22496, 'second_departure_time': 1536890700, 'second_arrival_time': 1536895500}
72	{'task_type': 'regular', 'locomotive': 22550, 'train_section': 23104, 'section': 22496, 'departure_time': 1536890700, 'arrival_time': 1536895500}
73	{'task_type': 'deadhead', 'locomotive': 22550, 'first_train_section': 23104, 'first_section': 22496, 'first_departure_time': 1536890700, 'first_arrival_time': 1536895500, 'second_train_section': 23005, 'second_section': 22429, 'second_departure_time': 1536901320, 'second_arrival_time': 1536903480}
74	{'task_type': 'regular', 'locomotive': 22550, 'train_section': 23005, 'section': 22429, 'departure_time': 1536901320, 'arrival_time': 1536903480}
75	{'task_type': 'deadhead', 'locomotive': 22550, 'first_train_section': 23005, 'first_section': 22429, 'first_departure_time': 1536901320, 'first_arrival_time': 1536903480, 'second_train_section': 22767, 'second_section': 22457, 'second_departure_time': 1536922320, 'second_arrival_time': 1536924300}
76	{'task_type': 'regular', 'locomotive': 22550, 'train_section': 22767, 'section': 22457, 'departure_time': 1536922320, 'arrival_time': 1536924300}
77	{'task_type': 'deadhead', 'locomotive': 22550, 'first_train_section': 22767, 'first_section': 22457, 'first_departure_time': 1536922320, 'first_arrival_time': 1536924300, 'second_train_section': 22617, 'second_section': 22495, 'second_departure_time': 1536957240, 'second_arrival_time': 1536959940}
78	{'task_type': 'regular', 'locomotive': 22550, 'train_section': 22617, 'section': 22495, 'departure_time': 1536957240, 'arrival_time': 1536959940}
79	{'task_type': 'deadhead', 'locomotive': 22550, 'first_train_section': 22617, 'first_section': 22495, 'first_departure_time': 1536957240, 'first_arrival_time': 1536959940, 'second_train_section': 22585, 'second_section': 22374, 'second_departure_time': 1536973080, 'second_arrival_time': 1536974820}
80	{'task_type': 'regular', 'locomotive': 22550, 'train_section': 22585, 'section': 22374, 'departure_time': 1536973080, 'arrival_time': 1536974820}
81	{'task_type': 'deadhead', 'locomotive': 22550, 'first_train_section': 22585, 'first_section': 22374, 'first_departure_time': 1536973080, 'first_arrival_time': 1536974820, 'second_train_section': 22917, 'second_section': 22499, 'second_departure_time': 1537011900, 'second_arrival_time': 1537017060}
82	{'task_type': 'regular', 'locomotive': 22550, 'train_section': 22917, 'section': 22499, 'departure_time': 1537011900, 'arrival_time': 1537017060}
83	{'task_type': 'deadhead', 'locomotive': 22550, 'first_train_section': 22917, 'first_section': 22499, 'first_departure_time': 1537011900, 'first_arrival_time': 1537017060, 'second_train_section': 22888, 'second_section': 22330, 'second_departure_time': 1537054800, 'second_arrival_time': 1537063020}
84	{'task_type': 'regular', 'locomotive': 22550, 'train_section': 22888, 'section': 22330, 'departure_time': 1537054800, 'arrival_time': 1537063020}
85	{'task_type': 'regular', 'locomotive': 22551, 'train_section': 22733, 'section': 22454, 'departure_time': 1536765900, 'arrival_time': 1536771720}
86	{'task_type': 'deadhead', 'locomotive': 22551, 'first_train_section': 22733, 'first_section': 22454, 'first_departure_time': 1536765900, 'first_arrival_time': 1536771720, 'second_train_section': 22741, 'second_section': 22495, 'second_departure_time': 1536780480, 'second_arrival_time': 1536783420}
87	{'task_type': 'regular', 'locomotive': 22551, 'train_section': 22741, 'section': 22495, 'departure_time': 1536780480, 'arrival_time': 1536783420}
88	{'task_type': 'regular', 'locomotive': 22551, 'train_section': 22743, 'section': 22307, 'departure_time': 1536784260, 'arrival_time': 1536786300}
89	{'task_type': 'deadhead', 'locomotive': 22551, 'first_train_section': 22743, 'first_section': 22307, 'first_departure_time': 1536784260, 'first_arrival_time': 1536786300, 'second_train_section': 22865, 'second_section': 22292, 'second_departure_time': 1536800100, 'second_arrival_time': 1536802380}
90	{'task_type': 'regular', 'locomotive': 22551, 'train_section': 22865, 'section': 22292, 'departure_time': 1536800100, 'arrival_time': 1536802380}
91	{'task_type': 'deadhead', 'locomotive': 22551, 'first_train_section': 22865, 'first_section': 22292, 'first_departure_time': 1536800100, 'first_arrival_time': 1536802380, 'second_train_section': 22582, 'second_section': 22251, 'second_departure_time': 1536810660, 'second_arrival_time': 1536814800}
92	{'task_type': 'regular', 'locomotive': 22551, 'train_section': 22582, 'section': 22251, 'departure_time': 1536810660, 'arrival_time': 1536814800}
93	{'task_type': 'deadhead', 'locomotive': 22551, 'first_train_section': 22582, 'first_section': 22251, 'first_departure_time': 1536810660, 'first_arrival_time': 1536814800, 'second_train_section': 22946, 'second_section': 22442, 'second_departure_time': 1536854160, 'second_arrival_time': 1536856920}
94	{'task_type': 'regular', 'locomotive': 22551, 'train_section': 22946, 'section': 22442, 'departure_time': 1536854160, 'arrival_time': 1536856920}
95	{'task_type': 'regular', 'locomotive': 22551, 'train_section': 22948, 'section': 22433, 'departure_time': 1536857760, 'arrival_time': 1536858240}
96	{'task_type': 'deadhead', 'locomotive': 22551, 'first_train_section': 22948, 'first_section': 22433, 'first_departure_time': 1536857760, 'first_arrival_time': 1536858240, 'second_train_section': 22810, 'second_section': 22378, 'second_departure_time': 1536865500, 'second_arrival_time': 1536869160}
97	{'task_type': 'regular', 'locomotive': 22551, 'train_section': 22810, 'section': 22378, 'departure_time': 1536865500, 'arrival_time': 1536869160}
98	{'task_type': 'deadhead', 'locomotive': 22551, 'first_train_section': 22650, 'first_section': 22417, 'first_departure_time': 1536869160, 'first_arrival_time': 1536875940, 'second_train_section': 22987, 'second_section': 22303, 'second_departure_time': 1536895440, 'second_arrival_time': 1536901320}
99	{'task_type': 'regular', 'locomotive': 22551, 'train_section': 22987, 'section': 22303, 'departure_time': 1536895440, 'arrival_time': 1536901320}
100	{'task_type': 'deadhead', 'locomotive': 22551, 'first_train_section': 22987, 'first_section': 22303, 'first_departure_time': 1536895440, 'first_arrival_time': 1536901320, 'second_train_section': 23080, 'second_section': 22495, 'second_departure_time': 1536911280, 'second_arrival_time': 1536914160}
101	{'task_type': 'regular', 'locomotive': 22551, 'train_section': 23080, 'section': 22495, 'departure_time': 1536911280, 'arrival_time': 1536914160}
102	{'task_type': 'deadhead', 'locomotive': 22551, 'first_train_section': 23080, 'first_section': 22495, 'first_departure_time': 1536911280, 'first_arrival_time': 1536914160, 'second_train_section': 22597, 'second_section': 22396, 'second_departure_time': 1536929760, 'second_arrival_time': 1536931620}
103	{'task_type': 'regular', 'locomotive': 22551, 'train_section': 22597, 'section': 22396, 'departure_time': 1536929760, 'arrival_time': 1536931620}
104	{'task_type': 'deadhead', 'locomotive': 22551, 'first_train_section': 22597, 'first_section': 22396, 'first_departure_time': 1536929760, 'first_arrival_time': 1536931620, 'second_train_section': 22967, 'second_section': 22308, 'second_departure_time': 1536963720, 'second_arrival_time': 1536966420}
105	{'task_type': 'regular', 'locomotive': 22551, 'train_section': 22967, 'section': 22308, 'departure_time': 1536963720, 'arrival_time': 1536966420}
106	{'task_type': 'deadhead', 'locomotive': 22551, 'first_train_section': 22967, 'first_section': 22308, 'first_departure_time': 1536963720, 'first_arrival_time': 1536966420, 'second_train_section': 22883, 'second_section': 22348, 'second_departure_time': 1536981180, 'second_arrival_time': 1536984720}
107	{'task_type': 'regular', 'locomotive': 22551, 'train_section': 22883, 'section': 22348, 'departure_time': 1536981180, 'arrival_time': 1536984720}
108	{'task_type': 'deadhead', 'locomotive': 22551, 'first_train_section': 22883, 'first_section': 22348, 'first_departure_time': 1536981180, 'first_arrival_time': 1536984720, 'second_train_section': 22785, 'second_section': 22279, 'second_departure_time': 1537095000, 'second_arrival_time': 1537100580}
109	{'task_type': 'regular', 'locomotive': 22551, 'train_section': 22785, 'section': 22279, 'departure_time': 1537095000, 'arrival_time': 1537100580}
110	{'task_type': 'regular', 'locomotive': 22552, 'train_section': 22638, 'section': 22495, 'departure_time': 1536738480, 'arrival_time': 1536741360}
111	{'task_type': 'regular', 'locomotive': 22552, 'train_section': 22640, 'section': 22309, 'departure_time': 1536741960, 'arrival_time': 1536746520}
112	{'task_type': 'deadhead', 'locomotive': 22552, 'first_train_section': 22724, 'first_section': 22417, 'first_departure_time': 1536779220, 'first_arrival_time': 1536784080, 'second_train_section': 23008, 'second_section': 22378, 'second_departure_time': 1536811500, 'second_arrival_time': 1536815160}
113	{'task_type': 'regular', 'locomotive': 22552, 'train_section': 23008, 'section': 22378, 'departure_time': 1536811500, 'arrival_time': 1536815160}
114	{'task_type': 'deadhead', 'locomotive': 22552, 'first_train_section': 23008, 'first_section': 22378, 'first_departure_time': 1536811500, 'first_arrival_time': 1536815160, 'second_train_section': 22953, 'second_section': 22381, 'second_departure_time': 1536838320, 'second_arrival_time': 1536840240}
115	{'task_type': 'regular', 'locomotive': 22552, 'train_section': 22953, 'section': 22381, 'departure_time': 1536838320, 'arrival_time': 1536840240}
116	{'task_type': 'deadhead', 'locomotive': 22552, 'first_train_section': 22953, 'first_section': 22381, 'first_departure_time': 1536838320, 'first_arrival_time': 1536840240, 'second_train_section': 22579, 'second_section': 22257, 'second_departure_time': 1536847200, 'second_arrival_time': 1536847920}
117	{'task_type': 'regular', 'locomotive': 22552, 'train_section': 22579, 'section': 22257, 'departure_time': 1536847200, 'arrival_time': 1536847920}
118	{'task_type': 'deadhead', 'locomotive': 22552, 'first_train_section': 22721, 'first_section': 22417, 'first_departure_time': 1536865620, 'first_arrival_time': 1536870480, 'second_train_section': 22624, 'second_section': 22483, 'second_departure_time': 1536886320, 'second_arrival_time': 1536889380}
119	{'task_type': 'regular', 'locomotive': 22552, 'train_section': 22624, 'section': 22483, 'departure_time': 1536886320, 'arrival_time': 1536889380}
120	{'task_type': 'deadhead', 'locomotive': 22552, 'first_train_section': 22624, 'first_section': 22483, 'first_departure_time': 1536886320, 'first_arrival_time': 1536889380, 'second_train_section': 22590, 'second_section': 22245, 'second_departure_time': 1536901080, 'second_arrival_time': 1536906540}
121	{'task_type': 'regular', 'locomotive': 22552, 'train_section': 22590, 'section': 22245, 'departure_time': 1536901080, 'arrival_time': 1536906540}
122	{'task_type': 'regular', 'locomotive': 22552, 'train_section': 22912, 'section': 22308, 'departure_time': 1536915840, 'arrival_time': 1536918480}
123	{'task_type': 'regular', 'locomotive': 22552, 'train_section': 22914, 'section': 22496, 'departure_time': 1536919080, 'arrival_time': 1536924060}
124	{'task_type': 'deadhead', 'locomotive': 22552, 'first_train_section': 22914, 'first_section': 22496, 'first_departure_time': 1536919080, 'first_arrival_time': 1536924060, 'second_train_section': 22969, 'second_section': 22496, 'second_departure_time': 1536967260, 'second_arrival_time': 1536971160}
125	{'task_type': 'regular', 'locomotive': 22552, 'train_section': 22969, 'section': 22496, 'departure_time': 1536967260, 'arrival_time': 1536971160}
126	{'task_type': 'deadhead', 'locomotive': 22552, 'first_train_section': 22969, 'first_section': 22496, 'first_departure_time': 1536967260, 'first_arrival_time': 1536971160, 'second_train_section': 22919, 'second_section': 22340, 'second_departure_time': 1537017540, 'second_arrival_time': 1537033200}
127	{'task_type': 'regular', 'locomotive': 22552, 'train_section': 22919, 'section': 22340, 'departure_time': 1537017540, 'arrival_time': 1537033200}
128	{'task_type': 'deadhead', 'locomotive': 22552, 'first_train_section': 22919, 'first_section': 22340, 'first_departure_time': 1537017540, 'first_arrival_time': 1537033200, 'second_train_section': 22693, 'second_section': 22500, 'second_departure_time': 1537115940, 'second_arrival_time': 1537117680}
129	{'task_type': 'regular', 'locomotive': 22552, 'train_section': 22693, 'section': 22500, 'departure_time': 1537115940, 'arrival_time': 1537117680}
130	{'task_type': 'regular', 'locomotive': 22553, 'train_section': 23044, 'section': 22414, 'departure_time': 1536762480, 'arrival_time': 1536766860}
131	{'task_type': 'deadhead', 'locomotive': 22553, 'first_train_section': 23044, 'first_section': 22414, 'first_departure_time': 1536762480, 'first_arrival_time': 1536766860, 'second_train_section': 22739, 'second_section': 22431, 'second_departure_time': 1536775380, 'second_arrival_time': 1536779340}
132	{'task_type': 'regular', 'locomotive': 22553, 'train_section': 22739, 'section': 22431, 'departure_time': 1536775380, 'arrival_time': 1536779340}
133	{'task_type': 'deadhead', 'locomotive': 22553, 'first_train_section': 22739, 'first_section': 22431, 'first_departure_time': 1536775380, 'first_arrival_time': 1536779340, 'second_train_section': 22901, 'second_section': 22431, 'second_departure_time': 1536790740, 'second_arrival_time': 1536794940}
134	{'task_type': 'regular', 'locomotive': 22553, 'train_section': 22901, 'section': 22431, 'departure_time': 1536790740, 'arrival_time': 1536794940}
135	{'task_type': 'deadhead', 'locomotive': 22553, 'first_train_section': 22901, 'first_section': 22431, 'first_departure_time': 1536790740, 'first_arrival_time': 1536794940, 'second_train_section': 22925, 'second_section': 22416, 'second_departure_time': 1536836040, 'second_arrival_time': 1536839700}
136	{'task_type': 'regular', 'locomotive': 22553, 'train_section': 22925, 'section': 22416, 'departure_time': 1536836040, 'arrival_time': 1536839700}
137	{'task_type': 'regular', 'locomotive': 22553, 'train_section': 22928, 'section': 22378, 'departure_time': 1536847500, 'arrival_time': 1536851160}
138	{'task_type': 'deadhead', 'locomotive': 22553, 'first_train_section': 22928, 'first_section': 22378, 'first_departure_time': 1536847500, 'first_arrival_time': 1536851160, 'second_train_section': 22950, 'second_section': 22432, 'second_departure_time': 1536859680, 'second_arrival_time': 1536861300}
139	{'task_type': 'regular', 'locomotive': 22553, 'train_section': 22950, 'section': 22432, 'departure_time': 1536859680, 'arrival_time': 1536861300}
140	{'task_type': 'deadhead', 'locomotive': 22553, 'first_train_section': 22712, 'first_section': 22353, 'first_departure_time': 1536876000, 'first_arrival_time': 1536896340, 'second_train_section': 23078, 'second_section': 22431, 'second_departure_time': 1536905400, 'second_arrival_time': 1536910020}
141	{'task_type': 'regular', 'locomotive': 22553, 'train_section': 23078, 'section': 22431, 'departure_time': 1536905400, 'arrival_time': 1536910020}
142	{'task_type': 'regular', 'locomotive': 22553, 'train_section': 22594, 'section': 22496, 'departure_time': 1536910860, 'arrival_time': 1536915660}
143	{'task_type': 'deadhead', 'locomotive': 22553, 'first_train_section': 22594, 'first_section': 22496, 'first_departure_time': 1536910860, 'first_arrival_time': 1536915660, 'second_train_section': 23026, 'second_section': 22416, 'second_departure_time': 1536920640, 'second_arrival_time': 1536924300}
144	{'task_type': 'regular', 'locomotive': 22553, 'train_section': 23026, 'section': 22416, 'departure_time': 1536920640, 'arrival_time': 1536924300}
145	{'task_type': 'deadhead', 'locomotive': 22553, 'first_train_section': 23026, 'first_section': 22416, 'first_departure_time': 1536920640, 'first_arrival_time': 1536924300, 'second_train_section': 22613, 'second_section': 22427, 'second_departure_time': 1536950700, 'second_arrival_time': 1536953940}
146	{'task_type': 'regular', 'locomotive': 22553, 'train_section': 22613, 'section': 22427, 'departure_time': 1536950700, 'arrival_time': 1536953940}
147	{'task_type': 'regular', 'locomotive': 22553, 'train_section': 22615, 'section': 22443, 'departure_time': 1536954840, 'arrival_time': 1536956520}
148	{'task_type': 'deadhead', 'locomotive': 22553, 'first_train_section': 22615, 'first_section': 22443, 'first_departure_time': 1536954840, 'first_arrival_time': 1536956520, 'second_train_section': 22845, 'second_section': 22304, 'second_departure_time': 1536971580, 'second_arrival_time': 1536976020}
149	{'task_type': 'regular', 'locomotive': 22553, 'train_section': 22845, 'section': 22304, 'departure_time': 1536971580, 'arrival_time': 1536976020}
150	{'task_type': 'regular', 'locomotive': 22553, 'train_section': 22847, 'section': 22247, 'departure_time': 1536976200, 'arrival_time': 1536986760}
151	{'task_type': 'regular', 'locomotive': 22554, 'train_section': 22850, 'section': 22416, 'departure_time': 1536765840, 'arrival_time': 1536769500}
152	{'task_type': 'deadhead', 'locomotive': 22554, 'first_train_section': 22850, 'first_section': 22416, 'first_departure_time': 1536765840, 'first_arrival_time': 1536769500, 'second_train_section': 23091, 'second_section': 22385, 'second_departure_time': 1536786540, 'second_arrival_time': 1536787440}
153	{'task_type': 'regular', 'locomotive': 22554, 'train_section': 23091, 'section': 22385, 'departure_time': 1536786540, 'arrival_time': 1536787440}
154	{'task_type': 'deadhead', 'locomotive': 22554, 'first_train_section': 23091, 'first_section': 22385, 'first_departure_time': 1536786540, 'first_arrival_time': 1536787440, 'second_train_section': 23053, 'second_section': 22416, 'second_departure_time': 1536810840, 'second_arrival_time': 1536814500}
155	{'task_type': 'regular', 'locomotive': 22554, 'train_section': 23053, 'section': 22416, 'departure_time': 1536810840, 'arrival_time': 1536814500}
156	{'task_type': 'deadhead', 'locomotive': 22554, 'first_train_section': 22770, 'first_section': 22417, 'first_departure_time': 1536825960, 'first_arrival_time': 1536837840, 'second_train_section': 22675, 'second_section': 22245, 'second_departure_time': 1536856740, 'second_arrival_time': 1536861780}
157	{'task_type': 'regular', 'locomotive': 22554, 'train_section': 22675, 'section': 22245, 'departure_time': 1536856740, 'arrival_time': 1536861780}
158	{'task_type': 'deadhead', 'locomotive': 22554, 'first_train_section': 22675, 'first_section': 22245, 'first_departure_time': 1536856740, 'first_arrival_time': 1536861780, 'second_train_section': 22898, 'second_section': 22261, 'second_departure_time': 1536867900, 'second_arrival_time': 1536869460}
159	{'task_type': 'regular', 'locomotive': 22554, 'train_section': 22898, 'section': 22261, 'departure_time': 1536867900, 'arrival_time': 1536869460}
160	{'task_type': 'deadhead', 'locomotive': 22554, 'first_train_section': 22898, 'first_section': 22261, 'first_departure_time': 1536867900, 'first_arrival_time': 1536869460, 'second_train_section': 23060, 'second_section': 22309, 'second_departure_time': 1536885780, 'second_arrival_time': 1536890400}
161	{'task_type': 'regular', 'locomotive': 22554, 'train_section': 23060, 'section': 22309, 'departure_time': 1536885780, 'arrival_time': 1536890400}
162	{'task_type': 'deadhead', 'locomotive': 22554, 'first_train_section': 23060, 'first_section': 22309, 'first_departure_time': 1536885780, 'first_arrival_time': 1536890400, 'second_train_section': 22910, 'second_section': 22245, 'second_departure_time': 1536910380, 'second_arrival_time': 1536915360}
163	{'task_type': 'regular', 'locomotive': 22554, 'train_section': 22910, 'section': 22245, 'departure_time': 1536910380, 'arrival_time': 1536915360}
164	{'task_type': 'deadhead', 'locomotive': 22554, 'first_train_section': 22910, 'first_section': 22245, 'first_departure_time': 1536910380, 'first_arrival_time': 1536915360, 'second_train_section': 23029, 'second_section': 22418, 'second_departure_time': 1536931800, 'second_arrival_time': 1536933300}
165	{'task_type': 'regular', 'locomotive': 22554, 'train_section': 23029, 'section': 22418, 'departure_time': 1536931800, 'arrival_time': 1536933300}
166	{'task_type': 'deadhead', 'locomotive': 22554, 'first_train_section': 23029, 'first_section': 22418, 'first_departure_time': 1536931800, 'first_arrival_time': 1536933300, 'second_train_section': 22696, 'second_section': 22356, 'second_departure_time': 1536956160, 'second_arrival_time': 1536964200}
167	{'task_type': 'regular', 'locomotive': 22554, 'train_section': 22696, 'section': 22356, 'departure_time': 1536956160, 'arrival_time': 1536964200}
168	{'task_type': 'deadhead', 'locomotive': 22554, 'first_train_section': 22696, 'first_section': 22356, 'first_departure_time': 1536956160, 'first_arrival_time': 1536964200, 'second_train_section': 22956, 'second_section': 22281, 'second_departure_time': 1536980760, 'second_arrival_time': 1536987720}
169	{'task_type': 'regular', 'locomotive': 22554, 'train_section': 22956, 'section': 22281, 'departure_time': 1536980760, 'arrival_time': 1536987720}
170	{'task_type': 'deadhead', 'locomotive': 22554, 'first_train_section': 22956, 'first_section': 22281, 'first_departure_time': 1536980760, 'first_arrival_time': 1536987720, 'second_train_section': 22715, 'second_section': 22332, 'second_departure_time': 1537129800, 'second_arrival_time': 1537133940}
171	{'task_type': 'regular', 'locomotive': 22554, 'train_section': 22715, 'section': 22332, 'departure_time': 1537129800, 'arrival_time': 1537133940}
172	{'task_type': 'regular', 'locomotive': 22557, 'train_section': 22718, 'section': 22416, 'departure_time': 1536758640, 'arrival_time': 1536762300}
173	{'task_type': 'regular', 'locomotive': 22557, 'train_section': 23072, 'section': 22378, 'departure_time': 1536773700, 'arrival_time': 1536777360}
174	{'task_type': 'deadhead', 'locomotive': 22557, 'first_train_section': 23072, 'first_section': 22378, 'first_departure_time': 1536773700, 'first_arrival_time': 1536777360, 'second_train_section': 22931, 'second_section': 22233, 'second_departure_time': 1536819660, 'second_arrival_time': 1536835140}
175	{'task_type': 'regular', 'locomotive': 22557, 'train_section': 22931, 'section': 22233, 'departure_time': 1536819660, 'arrival_time': 1536835140}
176	{'task_type': 'regular', 'locomotive': 22557, 'train_section': 22933, 'section': 22351, 'departure_time': 1536835680, 'arrival_time': 1536840840}
177	{'task_type': 'deadhead', 'locomotive': 22557, 'first_train_section': 22933, 'first_section': 22351, 'first_departure_time': 1536835680, 'first_arrival_time': 1536840840, 'second_train_section': 22939, 'second_section': 22249, 'second_departure_time': 1536850080, 'second_arrival_time': 1536856080}
178	{'task_type': 'regular', 'locomotive': 22557, 'train_section': 22939, 'section': 22249, 'departure_time': 1536850080, 'arrival_time': 1536856080}
179	{'task_type': 'deadhead', 'locomotive': 22557, 'first_train_section': 23050, 'first_section': 22502, 'first_departure_time': 1536865500, 'first_arrival_time': 1536875940, 'second_train_section': 23100, 'second_section': 22505, 'second_departure_time': 1536880500, 'second_arrival_time': 1536885240}
180	{'task_type': 'regular', 'locomotive': 22557, 'train_section': 23100, 'section': 22505, 'departure_time': 1536880500, 'arrival_time': 1536885240}
181	{'task_type': 'regular', 'locomotive': 22557, 'train_section': 23102, 'section': 22308, 'departure_time': 1536885960, 'arrival_time': 1536888720}
182	{'task_type': 'deadhead', 'locomotive': 22557, 'first_train_section': 23102, 'first_section': 22308, 'first_departure_time': 1536885960, 'first_arrival_time': 1536888720, 'second_train_section': 22670, 'second_section': 22378, 'second_departure_time': 1536899700, 'second_arrival_time': 1536903360}
183	{'task_type': 'regular', 'locomotive': 22557, 'train_section': 22670, 'section': 22378, 'departure_time': 1536899700, 'arrival_time': 1536903360}
184	{'task_type': 'deadhead', 'locomotive': 22557, 'first_train_section': 22670, 'first_section': 22378, 'first_departure_time': 1536899700, 'first_arrival_time': 1536903360, 'second_train_section': 23066, 'second_section': 22285, 'second_departure_time': 1536926520, 'second_arrival_time': 1536935640}
185	{'task_type': 'regular', 'locomotive': 22557, 'train_section': 23066, 'section': 22285, 'departure_time': 1536926520, 'arrival_time': 1536935640}
186	{'task_type': 'deadhead', 'locomotive': 22557, 'first_train_section': 23066, 'first_section': 22285, 'first_departure_time': 1536926520, 'first_arrival_time': 1536935640, 'second_train_section': 22965, 'second_section': 22505, 'second_departure_time': 1536957300, 'second_arrival_time': 1536962700}
187	{'task_type': 'regular', 'locomotive': 22557, 'train_section': 22965, 'section': 22505, 'departure_time': 1536957300, 'arrival_time': 1536962700}
188	{'task_type': 'deadhead', 'locomotive': 22557, 'first_train_section': 22965, 'first_section': 22505, 'first_departure_time': 1536957300, 'first_arrival_time': 1536962700, 'second_train_section': 22843, 'second_section': 22495, 'second_departure_time': 1536968040, 'second_arrival_time': 1536970920}
189	{'task_type': 'regular', 'locomotive': 22557, 'train_section': 22843, 'section': 22495, 'departure_time': 1536968040, 'arrival_time': 1536970920}
190	{'task_type': 'regular', 'locomotive': 22559, 'train_section': 23014, 'section': 22500, 'departure_time': 1536766680, 'arrival_time': 1536769800}
191	{'task_type': 'deadhead', 'locomotive': 22559, 'first_train_section': 23014, 'first_section': 22500, 'first_departure_time': 1536766680, 'first_arrival_time': 1536769800, 'second_train_section': 22573, 'second_section': 22479, 'second_departure_time': 1536781860, 'second_arrival_time': 1536783720}
192	{'task_type': 'regular', 'locomotive': 22559, 'train_section': 22573, 'section': 22479, 'departure_time': 1536781860, 'arrival_time': 1536783720}
193	{'task_type': 'deadhead', 'locomotive': 22559, 'first_train_section': 22573, 'first_section': 22479, 'first_departure_time': 1536781860, 'first_arrival_time': 1536783720, 'second_train_section': 22859, 'second_section': 22496, 'second_departure_time': 1536790980, 'second_arrival_time': 1536795000}
194	{'task_type': 'regular', 'locomotive': 22559, 'train_section': 22859, 'section': 22496, 'departure_time': 1536790980, 'arrival_time': 1536795000}
195	{'task_type': 'deadhead', 'locomotive': 22559, 'first_train_section': 22859, 'first_section': 22496, 'first_departure_time': 1536790980, 'first_arrival_time': 1536795000, 'second_train_section': 23097, 'second_section': 22512, 'second_departure_time': 1536812940, 'second_arrival_time': 1536816300}
196	{'task_type': 'regular', 'locomotive': 22559, 'train_section': 23097, 'section': 22512, 'departure_time': 1536812940, 'arrival_time': 1536816300}
197	{'task_type': 'deadhead', 'locomotive': 22559, 'first_train_section': 23097, 'first_section': 22512, 'first_departure_time': 1536812940, 'first_arrival_time': 1536816300, 'second_train_section': 22782, 'second_section': 22416, 'second_departure_time': 1536818040, 'second_arrival_time': 1536821700}
198	{'task_type': 'regular', 'locomotive': 22559, 'train_section': 22782, 'section': 22416, 'departure_time': 1536818040, 'arrival_time': 1536821700}
199	{'task_type': 'deadhead', 'locomotive': 22559, 'first_train_section': 22782, 'first_section': 22416, 'first_departure_time': 1536818040, 'first_arrival_time': 1536821700, 'second_train_section': 22836, 'second_section': 22441, 'second_departure_time': 1536832440, 'second_arrival_time': 1536836400}
200	{'task_type': 'regular', 'locomotive': 22559, 'train_section': 22836, 'section': 22441, 'departure_time': 1536832440, 'arrival_time': 1536836400}
201	{'task_type': 'deadhead', 'locomotive': 22559, 'first_train_section': 22836, 'first_section': 22441, 'first_departure_time': 1536832440, 'first_arrival_time': 1536836400, 'second_train_section': 23017, 'second_section': 22342, 'second_departure_time': 1536851940, 'second_arrival_time': 1536857220}
202	{'task_type': 'regular', 'locomotive': 22559, 'train_section': 23017, 'section': 22342, 'departure_time': 1536851940, 'arrival_time': 1536857220}
203	{'task_type': 'deadhead', 'locomotive': 22559, 'first_train_section': 23017, 'first_section': 22342, 'first_departure_time': 1536851940, 'first_arrival_time': 1536857220, 'second_train_section': 23056, 'second_section': 22431, 'second_departure_time': 1536877140, 'second_arrival_time': 1536881340}
204	{'task_type': 'regular', 'locomotive': 22559, 'train_section': 23056, 'section': 22431, 'departure_time': 1536877140, 'arrival_time': 1536881340}
205	{'task_type': 'deadhead', 'locomotive': 22559, 'first_train_section': 23056, 'first_section': 22431, 'first_departure_time': 1536877140, 'first_arrival_time': 1536881340, 'second_train_section': 22908, 'second_section': 22404, 'second_departure_time': 1536899820, 'second_arrival_time': 1536910020}
206	{'task_type': 'regular', 'locomotive': 22559, 'train_section': 22908, 'section': 22404, 'departure_time': 1536899820, 'arrival_time': 1536910020}
207	{'task_type': 'deadhead', 'locomotive': 22559, 'first_train_section': 22908, 'first_section': 22404, 'first_departure_time': 1536899820, 'first_arrival_time': 1536910020, 'second_train_section': 22730, 'second_section': 22362, 'second_departure_time': 1536922860, 'second_arrival_time': 1536925500}
208	{'task_type': 'regular', 'locomotive': 22559, 'train_section': 22730, 'section': 22362, 'departure_time': 1536922860, 'arrival_time': 1536925500}
209	{'task_type': 'deadhead', 'locomotive': 22559, 'first_train_section': 22730, 'first_section': 22362, 'first_departure_time': 1536922860, 'first_arrival_time': 1536925500, 'second_train_section': 22802, 'second_section': 22448, 'second_departure_time': 1536969360, 'second_arrival_time': 1536970620}
210	{'task_type': 'regular', 'locomotive': 22559, 'train_section': 22802, 'section': 22448, 'departure_time': 1536969360, 'arrival_time': 1536970620}
211	{'task_type': 'regular', 'locomotive': 22559, 'train_section': 22804, 'section': 22284, 'departure_time': 1536970980, 'arrival_time': 1536975900}
212	{'task_type': 'deadhead', 'locomotive': 22559, 'first_train_section': 22804, 'first_section': 22284, 'first_departure_time': 1536970980, 'first_arrival_time': 1536975900, 'second_train_section': 22658, 'second_section': 22492, 'second_departure_time': 1536992640, 'second_arrival_time': 1537001880}
213	{'task_type': 'regular', 'locomotive': 22559, 'train_section': 22658, 'section': 22492, 'departure_time': 1536992640, 'arrival_time': 1537001880}
