2322	4718	6263	175	213
2506	6263	5078	213	234
1381	5078	3012	600	615
1382	3012	4630	1227	1267
337	4630	4377	1824	1880
2507	4377	4718	1880	1885
2297	4718	877	2082	2188
2298	877	1453	2188	2188
2299	1453	3139	2348	2528
2300	3139	1453	3222	3411
2508	1453	3139	3411	3551
2381	3139	1453	3832	4011
1592	1453	3139	4028	4210
1593	3139	1453	4662	4851
1594	1453	4196	5295	5342
1595	4196	4513	5353	5439
728	4513	6849	5448	5534
771	6849	4513	6225	6311
772	4513	4196	6319	6408
2395	4196	1453	6417	6464
2509	1453	4196	6464	6517
773	4196	4513	6553	6639
732	4513	5915	6657	6722
733	5915	699	6749	6756
552	699	3152	6758	6785
553	3152	1419	6914	6966
554	1419	3480	7115	7205
1191	3480	1419	7226	7307
738	1419	3480	7385	7467
739	3480	2997	7483	7529
740	2997	3480	7551	7601
741	3480	669	7620	7705
742	669	830	7708	7878
743	830	5789	7878	7880
744	5789	3113	8418	8529
745	3113	877	8537	8590
2510	877	1453	8590	8590
2398	1453	4196	9135	9182
2399	4196	4513	9193	9279
2400	4513	6849	9288	9374
2401	6849	4513	9465	9551
521	4513	927	9843	9860
40	2221	14	354	442
41	14	2221	1231	1266
42	2221	6296	1366	1509
43	6296	4718	1509	1538
2475	4718	6263	1615	1653
2476	6263	4718	1653	1674
2477	4718	2354	1698	1839
2478	2354	5078	1839	1904
2479	5078	3012	2040	2055
2480	3012	4718	2055	2069
1773	4718	6263	2120	2188
1774	6263	4718	2252	2284
1775	4718	2262	2288	2311
1776	2262	4446	2311	2332
1777	4446	4238	2472	2525
2511	4238	3012	2525	2538
1416	3012	4630	2667	2707
1417	4630	4718	2707	2767
1486	4718	4513	2811	2925
478	4513	4377	3227	3335
2486	4377	4513	3434	3520
481	4513	6849	3528	3614
319	6849	4513	3825	3911
320	4513	4377	3919	4007
403	4377	1453	4142	4282
2386	1453	6116	4595	4833
2387	6116	3139	4850	4896
112	3139	1453	5032	5211
113	1453	997	5211	5240
114	997	1453	5378	5402
1012	1453	3139	5468	5650
866	3139	1453	6102	6291
867	1453	3139	6308	6488
2455	3139	1453	6832	7011
300	1453	3631	7300	7437
301	3631	1453	8750	8884
302	1453	3911	9308	9414
2200	1419	669	272	352
2201	669	830	358	521
2202	830	5789	521	523
1029	5789	669	956	1115
1030	669	3480	1119	1203
1031	3480	2997	1220	1266
1032	2997	7331	1289	1361
1033	7331	1014	1361	1363
842	1014	1184	1445	1471
843	1184	2997	1678	1758
2067	2997	3480	1762	1811
2068	3480	3152	1840	1879
2264	3152	4513	1996	2078
2265	4513	927	2142	2164
2266	927	4377	2164	2256
2267	4377	1075	2282	2434
2268	1075	4377	2484	2638
2269	4377	4630	2692	2753
1673	4630	3638	3253	3318
432	3638	4621	3425	3486
543	4621	3638	3684	3745
544	3638	4621	3755	3816
1163	4621	3638	3924	3985
1164	3638	4621	3995	4056
2512	4621	750	4056	4062
1682	750	7331	4101	4140
1683	7331	1014	4140	4142
1303	1014	2997	4181	4251
1304	2997	3480	4272	4321
1305	3480	1419	4346	4427
353	1419	3480	5179	5277
354	3480	2997	5300	5347
355	2997	7331	5378	5460
1863	7331	750	5488	5515
1864	750	7331	5541	5580
1865	7331	1014	5580	5582
1368	1014	1469	6003	6038
1369	1469	1938	6038	6115
1370	1938	1175	6149	6211
1371	1175	1938	6752	6816
1372	1938	6142	6816	6925
1373	6142	7331	6962	7147
1374	7331	1014	7147	7149
1375	1014	2997	7818	7884
461	2997	3480	7910	7957
462	3480	669	7982	8068
463	669	830	8072	8257
98	3139	1453	342	531
99	1453	3139	548	728
2513	3139	1453	728	868
6	1453	4196	975	1022
7	4196	4513	1033	1119
2514	6804	4377	1777	1830
338	4377	4513	1994	2080
339	4513	3870	2080	2134
340	3870	4513	2272	2332
1093	4513	4377	2479	2567
1094	4377	1453	2582	2722
1095	1453	960	2790	2859
1096	960	4446	2879	2914
1097	4446	877	2914	3001
2515	877	1453	3001	3001
2375	1453	4377	3217	3366
2376	4377	2262	3366	3380
2377	2262	4238	3386	3415
2378	4238	4718	3415	3417
2039	4718	6263	3560	3628
2040	6263	3012	3628	3636
2041	3012	4630	4107	4147
2042	4630	4377	4704	4760
2516	4377	4446	4760	4783
73	4446	3349	4853	4904
74	3349	6296	4998	5043
75	6296	4377	5043	5067
1224	4377	7191	5090	5183
1225	7191	4377	5208	5290
1226	4377	1453	5462	5602
1227	1453	6116	6035	6273
1228	6116	3139	6273	6335
1229	3139	1453	6352	6531
2396	1453	3139	6788	6969
1015	3139	3113	7012	7130
2458	3113	830	7142	7253
2517	830	3631	7253	7262
371	3631	1453	7310	7444
2518	1453	877	7444	7444
1235	877	3113	7507	7563
1236	3113	4196	7563	7578
2462	4196	1453	7857	7904
833	1453	997	8098	8122
1077	997	1453	8138	8162
835	1453	3911	8228	8335
875	3911	1453	9185	9291
876	1453	3911	9548	9654
134	3911	1453	9665	9771
135	1453	877	9771	9771
136	877	4238	9772	9937
137	4238	4718	9937	9939
138	4718	4513	10011	10080
221	4377	6804	285	330
222	6804	6949	337	341
223	6949	4377	351	414
224	4377	7191	530	623
225	7191	4377	648	730
1409	4377	7191	950	1032
1410	7191	4377	2088	2170
1411	4377	7191	2270	2352
1412	7191	4377	2377	2468
1413	4377	2136	2468	2474
1414	2136	4238	2490	2507
2519	4238	4718	2507	2509
1779	4718	877	2576	2724
1098	877	3113	3187	3243
1099	3113	4196	3243	3258
1100	4196	4513	3313	3399
1588	4513	4196	3439	3528
1589	4196	1453	3537	3584
2520	1453	877	3584	3584
1348	877	3113	3638	3703
1349	3113	830	3718	3830
1350	830	5789	3830	3832
1351	5789	669	3836	3995
1352	669	3480	3999	4083
1353	3480	2997	4100	4146
1822	2997	3480	4168	4217
1823	3480	3152	4231	4265
1824	3152	669	4341	4383
1825	669	830	4393	4549
1826	830	5789	4549	4551
1785	5789	2949	4624	4666
1786	2949	5789	4666	4700
1690	5789	669	4717	4887
251	669	3480	4893	4976
252	3480	2997	4984	5028
253	2997	7331	5038	5121
254	7331	1014	5121	5123
669	1014	5100	5400	5448
1641	5100	2997	5460	5490
1642	2997	3480	5513	5561
1643	3480	669	5579	5653
1644	669	830	5656	5801
1645	830	5789	5801	5803
1646	5789	669	5883	6027
1647	669	3480	6030	6103
1648	3480	2997	6115	6160
1649	2997	7331	6173	6243
1650	7331	1014	6243	6245
1651	1014	2997	6250	6327
959	2997	7331	6341	6421
960	7331	1014	6421	6423
961	1014	2997	6437	6510
962	2997	3480	6534	6584
963	3480	669	6602	6683
964	669	830	6687	6877
965	830	5789	6877	6879
1518	5789	669	6998	7145
1519	669	6710	7152	7173
2354	6710	3480	7308	7370
2355	3480	2997	7380	7426
2356	2997	7331	7440	7520
2521	7331	3125	7520	7525
915	3125	2759	7678	7868
686	2759	699	9328	9449
687	699	2759	10035	10080
139	6804	4377	385	445
692	4377	5818	778	891
2522	5818	4513	891	898
8	4513	6849	1128	1214
2523	6849	2759	1214	1264
2407	2759	699	1336	1470
2408	699	5915	1470	1474
2409	5915	699	1477	1484
2410	699	2997	1484	1592
2411	2997	7331	1594	1656
2412	7331	1014	1656	1658
2413	1014	1469	1683	1718
2414	1469	1014	1718	1736
985	1014	5100	1737	1787
986	5100	2997	1797	1824
987	2997	3480	1834	1881
1476	3480	2997	1961	2006
1477	2997	3480	2028	2076
582	3480	1419	2086	2162
160	1419	3480	2624	2709
161	3480	2997	2725	2771
1292	2997	7331	2787	2872
1293	7331	1014	2872	2874
1294	1014	1184	2885	2911
1295	1184	1938	2911	2997
1154	1938	1175	3231	3300
1155	1175	1014	3300	3320
1298	1014	2744	3355	3539
1299	2744	1823	3539	3585
1300	1823	1184	3994	4086
1301	1184	7331	4127	4140
2524	7331	1014	4140	4142
1684	1014	5100	4225	4273
1685	5100	2997	4291	4321
1686	2997	3480	4345	4394
1687	3480	669	4405	4478
1688	669	830	4513	4671
1689	830	5789	4671	4673
899	5789	4185	4786	4832
1993	4185	830	5484	5537
1994	830	5789	5537	5539
1448	5789	669	5733	5882
1449	669	508	5882	5991
1450	508	3631	6118	6188
1451	3631	6990	6189	6211
1452	6990	3631	6221	6241
1125	3631	508	6470	6527
1126	508	3631	6552	6609
1127	3631	508	6650	6707
268	508	3631	1798	1868
155	3631	6990	1869	1891
156	6990	3631	1901	1921
2117	3631	508	2150	2207
2118	508	3631	2232	2289
2119	3631	2925	2336	2367
2120	2925	996	2375	2450
2121	996	2925	2474	2547
2122	2925	2949	2547	2561
272	2949	830	2615	2669
273	830	5789	2669	2671
16	5789	669	2678	2825
17	669	830	2834	3015
18	830	5789	3015	3017
19	5789	669	3061	3211
20	669	3152	3230	3276
803	3152	4513	3436	3518
1256	4513	3870	3649	3710
1257	3870	4513	3712	3772
942	4513	5915	3777	3842
2128	5915	699	3869	3876
944	699	3152	3878	3905
945	3152	699	4191	4222
2133	699	5915	4275	4282
2134	5915	2759	4285	4394
2276	2759	699	5008	5129
1507	699	3152	5625	5651
1508	3152	699	5651	5673
1509	699	5915	5707	5714
2282	5915	2759	5725	5834
2283	2759	699	5942	6071
2284	699	5287	6291	6331
2525	4630	6263	373	413
2323	6263	4718	812	844
306	4718	6296	1328	1382
307	6296	4446	1382	1384
308	4446	4513	1497	1612
1203	4513	6710	1626	1675
1204	6710	1419	1689	1755
583	1419	3480	2299	2397
584	3480	2997	2420	2467
585	2997	7331	2498	2580
586	7331	14	2580	2629
587	14	2221	2671	2706
588	2221	6296	2806	2949
589	6296	4446	2949	2951
57	4446	3349	3165	3210
58	3349	6296	3282	3331
59	6296	4446	3331	3333
60	4446	3349	3413	3464
61	3349	6296	3558	3603
62	6296	4446	3603	3605
63	4446	3349	3672	3720
64	960	4780	3917	3935
65	4780	7181	4008	4019
66	7181	4446	4019	4023
67	4446	4780	4041	4059
68	4780	960	4085	4100
69	960	3251	4151	4220
70	3251	1453	4220	4222
2384	1453	960	4230	4299
2526	960	877	4299	4372
1217	877	4238	4396	4521
2527	4238	4377	4521	4527
861	4377	4513	4626	4742
862	4513	3870	4744	4805
863	3870	4513	4805	4859
864	4513	4377	4879	4967
865	4377	1075	5162	5314
2528	1075	3139	5314	5448
2388	3139	3113	5572	5690
2389	3911	1453	6058	6165
1072	1453	3139	6188	6368
1073	3139	1453	6472	6651
1014	1453	3139	6668	6848
870	3139	3911	7237	7317
871	3911	1453	7498	7605
872	1453	997	7618	7642
873	997	1453	7658	7682
1078	1453	3139	8348	8530
530	3349	960	960	972
531	960	4446	1037	1077
532	4446	4780	1161	1179
533	4780	960	1205	1220
534	960	3251	1271	1340
2529	960	4780	2477	2495
2330	4780	7181	2568	2579
2530	7181	4446	2579	2583
538	4446	4238	2653	2689
539	4238	4718	2689	2691
1418	4718	6296	2768	2822
1419	6296	4446	2822	2824
1420	4446	4513	2937	3052
345	4513	4377	3321	3423
593	4377	7191	3650	3743
594	7191	4377	3768	3850
595	4377	2262	3850	3864
596	2262	4238	3915	3939
597	4238	4718	3939	3941
351	4718	4513	4251	4365
352	4513	1419	4372	4484
2531	1419	699	4484	4557
604	699	5287	4851	4891
605	5287	3152	4891	4909
606	3152	699	4909	4936
2277	699	3152	5138	5167
2278	3152	699	5236	5263
2279	699	5915	5484	5489
2280	5915	699	5489	5493
2281	699	5915	5715	5722
1914	5915	4513	5761	5823
1915	4513	4377	6107	6215
118	4377	5818	6538	6651
119	5818	4377	6665	6783
120	4377	2136	6783	6789
121	2136	4238	6810	6827
382	960	7191	280	365
383	7191	5885	574	619
384	5885	7191	700	746
1931	7191	7181	1128	1203
2532	7181	4377	1203	1229
2020	4377	4630	1252	1313
2021	4630	7191	1813	1961
2022	7191	5885	2014	2059
2023	5885	7191	2140	2186
2024	7191	4377	2208	2290
2025	4377	7191	2390	2472
2026	7191	7181	2568	2643
2331	7181	1075	3207	3328
2332	1075	4377	3384	3538
2333	4377	927	3724	3814
2533	927	3139	3814	4083
1005	3139	3113	4132	4250
1006	3911	1453	4618	4725
1221	1453	997	4738	4762
1222	997	1075	4778	4813
1223	1075	4377	4824	4978
76	4377	5818	5098	5211
77	5818	4377	5225	5343
78	4377	4513	5354	5440
81	4513	4238	5660	5839
82	4238	4718	5839	5841
83	4718	6263	5935	5973
84	6263	4718	5973	5994
2055	4718	2354	6018	6159
2056	2354	6235	6159	6227
2057	6235	2354	6242	6308
2058	2354	4238	6690	6802
2534	4238	4630	6802	6861
1707	4630	5078	7088	7133
1708	5078	4718	7133	7138
1709	4718	2221	7166	7264
1710	2221	86	7378	7407
1711	86	3638	7407	7442
2098	3638	4621	8105	8166
1607	4621	3638	8274	8335
782	3638	4621	275	336
783	4621	3638	354	415
1878	3638	4621	875	936
2535	4621	1175	936	952
1848	1175	1938	1052	1116
2536	1938	2993	1116	1117
840	2993	7331	1234	1330
841	7331	1014	1330	1332
1083	1014	6900	1374	1418
1084	6900	1014	1418	1457
1085	1014	2997	1459	1529
2214	2997	3480	1534	1582
2215	3480	1419	1603	1680
2216	1419	4778	1954	1967
2537	4778	1419	1967	1975
1205	1419	2759	2086	2146
2274	2759	6849	3879	3929
277	6849	2759	4058	4110
2135	2759	6849	4728	4769
2136	6849	4513	4905	4991
488	4513	4238	5080	5222
489	4238	4718	5222	5224
490	4718	6296	5243	5279
2538	6296	4446	5279	5281
2049	4446	4238	5533	5569
2539	4238	4718	5569	5571
494	4718	6296	5648	5702
495	7181	1075	6087	6208
496	1075	997	6225	6262
497	997	3349	6262	6303
498	3349	6296	6438	6483
499	6296	4446	6483	6485
500	4446	3349	6552	6600
501	3349	960	6720	6732
2540	960	3349	6797	6809
2005	3349	6296	6910	6948
2006	6296	4446	6948	6950
2007	4446	960	6976	7006
2008	960	3251	7031	7100
2541	3251	877	7100	7102
624	877	4446	7186	7275
625	4446	4377	7316	7337
127	4377	1075	7504	7625
128	1075	1453	7639	7651
2013	1453	3911	7748	7854
1075	3911	1453	7865	7971
133	1453	3911	7988	8094
836	3911	1453	8345	8451
2542	1453	877	8451	8451
746	877	4446	8593	8685
2543	4446	7191	8685	8774
1926	7191	4377	9288	9370
1524	4377	7191	9410	9503
1525	7191	4377	9577	9668
2544	4377	4718	9668	9673
566	4718	3012	9813	9837
522	4513	927	115	132
523	927	1479	137	228
524	1479	4446	228	230
525	4446	3349	285	330
526	3349	6296	402	451
527	6296	4446	451	453
528	4446	960	596	636
2545	960	4050	636	666
334	4050	7181	857	937
335	7181	4377	937	963
386	4377	6804	1175	1233
387	6804	4377	1233	1286
388	4377	4513	1388	1500
1201	4513	7033	1504	1532
1202	7033	4513	1532	1566
638	4513	3870	1864	1925
639	3870	5915	2034	2158
640	5915	699	2180	2187
641	699	3152	2258	2287
642	3152	699	2356	2383
643	699	3152	2383	2405
847	3152	4513	2434	2519
848	4513	4238	2525	2694
849	4238	4377	2694	2700
850	4377	1453	2702	2842
2546	1453	877	2842	2842
933	877	4238	2956	3081
934	4238	4718	3081	3083
2035	4718	2354	3138	3279
2036	2354	5078	3279	3344
2037	5078	3012	3480	3495
2038	3012	4718	3495	3509
2379	4718	877	3522	3628
2302	877	4446	3743	3833
2303	4446	4238	3912	3965
2547	4238	4718	3965	3967
1215	4718	3251	4176	4305
2548	3251	1453	4305	4307
177	1453	3631	4420	4557
178	3631	3243	4557	4667
179	3243	3631	4668	4741
180	3631	6990	4749	4771
181	6990	3631	4781	4801
182	3631	5789	4801	4809
1502	5789	669	4847	5012
1503	669	1419	5016	5140
1504	1419	559	5140	5212
1505	559	5915	5228	5233
608	5915	669	5258	5288
609	669	830	5292	5477
610	830	5789	5477	5479
611	5789	669	5558	5705
330	669	6710	5712	5733
1597	6710	3480	5868	5930
1598	3480	2997	5940	5986
1599	2997	7331	6005	6085
1600	7331	4621	6085	6104
1601	4621	3638	6114	6175
1602	3638	4621	6185	6246
2504	4621	3125	6690	6715
2505	3125	5498	6738	6796
567	1756	1175	339	416
568	1175	1014	416	436
569	1014	2997	483	561
570	2997	3480	594	642
571	3480	6710	654	715
572	6710	3152	735	765
1328	3152	6710	768	795
1247	6710	4513	841	903
2405	4513	6849	1008	1094
922	6849	3959	1344	1381
923	3959	4513	1397	1457
389	4513	927	1555	1572
390	927	6949	1572	1608
391	6949	4377	1791	1854
1583	4377	927	2284	2374
2485	6804	4377	3265	3325
2549	4377	4718	3325	3330
480	4718	4513	3366	3485
1426	4513	3152	3512	3605
2550	3152	6710	3605	3634
22	6710	4513	3721	3783
111	4513	4196	3919	4008
2335	4196	1453	4017	4064
71	1453	4377	4657	4806
2043	4377	7191	4850	4943
2044	7191	5885	4943	4998
2045	5885	7191	5020	5066
2046	7191	4377	5088	5170
727	4377	4513	5278	5383
79	4513	927	5578	5595
80	927	4513	5595	5613
1596	4513	6710	5665	5714
2551	6710	4196	5714	5884
819	4196	4513	6193	6279
820	4513	3870	6279	6333
821	3870	5915	6354	6478
2148	5915	699	6500	6507
550	699	3152	6578	6607
551	3152	699	6676	6703
415	699	5915	7155	7162
2552	5915	3152	7162	7181
1972	3152	1419	7372	7423
627	4513	3152	52	129
628	3152	6710	129	158
629	6710	4513	192	239
630	4513	3870	424	485
631	3870	5915	899	1043
632	5915	699	1073	1080
145	699	3152	1305	1331
146	3152	3480	1331	1374
147	3480	6710	1419	1478
148	6710	669	1505	1526
149	669	830	1531	1679
150	830	5593	1679	1696
151	5593	830	1710	1736
152	830	5789	1736	1738
153	5789	4185	1781	1821
2553	4185	5789	1821	1869
1339	5789	996	1981	2028
1340	996	830	2147	2197
1341	830	1453	2197	2394
1940	1453	3139	2468	2649
1941	3139	3113	2692	2810
1942	3113	830	2822	2933
1943	830	5789	2933	2935
999	5789	3113	3032	3156
1000	3113	877	3166	3220
2554	877	1075	3220	3227
1345	1075	997	3345	3382
1346	997	1453	3412	3442
766	1453	4196	3855	3902
767	4196	4513	3913	3999
768	4513	6849	4008	4094
2555	6849	1419	4319	4321
279	1419	3480	4395	4474
280	3480	1419	4483	4560
2556	1419	6985	4560	4747
1692	6985	102	5065	5088
1693	102	830	5185	5275
2557	830	3631	5275	5284
902	3631	3243	5332	5406
2558	3243	6116	5406	5601
2451	6116	5379	6059	6067
2452	5379	5398	6067	6105
2453	5398	6116	6167	6197
2454	6116	3139	6197	6259
868	3139	1453	6712	6891
869	1453	3139	6908	7090
2397	3139	1453	7670	7851
874	1453	3911	7868	7974
464	4513	3959	313	372
465	3959	6849	380	420
2559	6849	5100	420	541
972	5100	7331	714	780
975	7331	750	1168	1195
2560	750	3638	1195	1253
1882	3638	4621	1265	1326
1883	4621	3638	1764	1825
1884	3638	4621	1825	1888
1885	4621	3638	1914	1975
426	3638	4621	2255	2316
427	4621	3638	2334	2395
428	3638	4621	2555	2616
429	4621	3638	2694	2755
1629	3638	4621	3245	3306
2561	4621	3125	3306	3321
1550	3125	4621	3335	3360
2562	4621	1175	3810	3826
1395	1175	1756	3868	3941
2178	1756	1175	4659	4736
2563	1175	4621	4736	4752
1167	4621	3638	5244	5305
2090	3638	4621	5315	5376
2091	4621	3638	5454	5515
1558	3638	4621	5585	5646
1559	4621	3638	6084	6145
1560	3638	4621	6155	6216
1603	4621	3638	6714	6775
2564	3638	4621	6775	6838
1565	4621	3638	6954	7015
1604	3638	4621	7025	7086
2193	4621	3638	7584	7645
1608	3638	4621	8405	8466
1609	4621	3125	8466	8481
1610	3125	2759	9118	9308
1611	2759	3125	9768	9962
1612	3125	1014	9962	9969
1613	1014	6900	10014	10058
751	3638	4621	755	816
879	4621	3638	894	955
880	3638	4621	1145	1206
2565	4621	750	1206	1212
976	750	7331	1221	1260
977	7331	1014	1260	1262
978	1014	2997	1264	1328
1283	2997	3480	1354	1399
980	3480	2997	1404	1449
981	2997	7331	1463	1530
982	7331	1014	1530	1532
983	1014	5100	1580	1629
1087	5100	2997	1645	1673
1088	2997	3480	1688	1737
1089	3480	669	1754	1827
1090	669	830	1830	1999
1091	830	4196	1999	2143
1092	4196	4513	2233	2319
341	4513	5915	2337	2402
342	5915	699	2429	2436
343	699	3152	2745	2771
344	3152	4513	2858	2940
1487	4513	4238	3001	3141
1488	4238	4718	3141	3143
935	4718	2262	3186	3210
936	2262	4377	3210	3223
937	4377	1453	3234	3344
938	1453	4196	3375	3422
939	4196	4513	3433	3519
1208	4513	927	3582	3604
1209	927	4446	3604	3703
1210	4446	3349	3820	3868
1211	3349	6296	4030	4068
1212	6296	4446	4068	4070
1213	4446	4238	4093	4129
1214	4238	4718	4129	4131
598	4718	6296	4208	4262
599	6296	4446	4262	4264
600	4446	4513	4377	4492
950	4513	4377	4761	4863
405	4377	7191	5150	5232
2566	7191	2136	5232	5342
492	2136	4238	5370	5387
2567	4238	4377	5387	5393
409	4377	6804	5615	5673
410	6804	4377	6145	6198
411	4377	4513	6314	6400
412	4513	3870	6529	6590
731	3870	4513	6592	6652
2319	4513	6849	6768	6854
2320	6849	2759	6938	6990
2321	2759	699	7096	7230
749	3638	4621	309	370
750	4621	3638	384	445
1617	3638	4621	1055	1116
1618	4621	3638	1134	1195
1619	3638	4621	1205	1266
1620	4621	3638	1348	1435
788	3638	4621	1749	1810
789	4621	3638	1824	1885
790	3638	4621	1895	1956
791	4621	3638	2244	2305
792	3638	4621	2315	2376
793	4621	3638	2394	2455
2568	3638	4621	2455	2518
1626	4621	3638	2544	2605
794	3638	4621	2645	2706
795	4621	1184	2788	2814
796	1184	7331	2829	2844
797	7331	1014	2844	2846
798	1014	2997	2899	2969
799	2997	3480	2974	3022
1896	3480	669	3033	3107
1897	669	830	3110	3286
1898	830	5789	3286	3288
1899	5789	6985	3359	3484
1900	6985	102	3625	3648
897	508	3631	4678	4748
898	3631	5789	4748	4756
1787	5789	6985	4799	4924
1788	6985	508	4924	4948
2234	508	3631	5112	5169
2235	3631	2925	5169	5195
2236	2925	996	5255	5330
2237	996	2925	5354	5427
2238	2925	3631	5432	5461
2569	3631	5789	5461	5469
1695	5789	3113	5538	5649
1696	3113	877	5657	5710
2570	877	1453	5710	5710
954	1453	3631	5860	5997
955	3631	5789	5997	6005
956	5789	669	6021	6175
957	669	3480	6178	6269
958	3480	2997	6281	6326
1652	2997	3480	6348	6396
2286	3480	1419	6406	6482
2287	1419	3152	7057	7116
2288	3152	4513	7178	7260
510	4513	3959	7513	7572
511	3959	6849	7580	7620
512	6849	4513	7665	7751
2158	4513	6849	8208	8294
562	6849	3959	8544	8581
563	3959	4513	8597	8657
564	4513	4377	9199	9287
2469	4377	4630	9772	9833
1849	1938	1175	1829	1891
2571	1175	1014	1891	1911
580	1014	2997	1923	2001
581	2997	3480	2034	2082
1478	3480	6710	2094	2155
2572	6710	559	2155	2165
50	559	5915	2348	2353
51	5915	669	2378	2408
52	669	830	2412	2597
2573	830	3631	2597	2606
1981	3631	3113	2840	2938
234	3113	830	3272	3386
2574	830	5789	3386	3388
1739	5789	669	3407	3572
1740	669	1419	3576	3700
484	1419	3480	4235	4325
485	3480	1419	4329	4410
486	1419	3152	4773	4822
328	3152	1419	5474	5526
188	1419	3480	5675	5765
189	3480	1419	5769	5850
190	1419	1014	5850	6010
191	1014	5100	6057	6107
192	5100	2997	6117	6144
193	2997	3480	6154	6201
194	3480	669	6215	6299
195	669	830	6302	6456
2575	830	3631	6456	6465
1453	3631	6990	6575	6598
1454	6990	5789	6598	6609
1455	5789	669	6623	6765
1456	669	1419	6768	6868
1457	1419	3480	6944	7029
1458	3480	2997	7045	7091
454	2997	3480	7114	7159
455	3480	669	7172	7248
456	669	830	7259	7406
457	830	5789	7406	7408
1406	5789	4185	7819	7861
877	4475	3125	324	422
878	3125	4621	455	480
1845	4621	3638	804	865
1846	3638	4621	905	966
2576	4621	3125	966	981
2163	3125	4475	1045	1142
2577	4475	3480	1439	1440
575	3480	1419	1449	1530
576	1419	3480	1625	1707
577	3480	2997	1723	1769
844	2997	3480	1781	1831
845	3480	1419	1856	1948
2220	1419	3152	2737	2796
1044	3152	1419	3052	3103
1045	1419	3152	3333	3382
1046	3152	699	3382	3404
1047	699	5287	3411	3451
2578	5287	559	3451	3489
1052	559	5915	3788	3793
2579	5915	699	3793	3797
2129	699	5915	4044	4049
2130	5915	699	4049	4053
2131	699	3152	4185	4211
2132	3152	699	4211	4233
946	699	5915	4267	4274
947	5915	4513	4321	4383
322	4513	7033	4384	4412
323	7033	4513	4412	4446
324	4513	4377	4667	4775
951	4377	4513	4874	4960
2343	4513	6849	4968	5054
769	6849	2759	5258	5310
2139	2759	3125	5448	5642
2140	3125	1014	5642	5649
1866	1014	1184	5765	5791
1867	1184	2997	5998	6078
2142	2997	3480	6101	6151
2143	3480	3152	6160	6199
2144	3152	6881	6199	6212
2145	6881	3152	6270	6288
2000	3152	4513	6316	6398
2243	4513	6849	6408	6494
2244	6849	4513	6705	6791
1918	4513	4196	6799	6888
622	4196	1453	6897	6944
2010	1453	960	7110	7179
2011	960	4377	7480	7525
2012	4377	1453	7554	7664
129	1453	997	7738	7762
130	997	1453	7778	7802
131	1453	997	7858	7882
132	997	1453	7898	7922
1076	1453	997	7978	8002
2580	997	877	8002	8031
2464	877	4446	8063	8153
747	4446	4513	9917	10017
748	4513	1419	10022	10080
918	6849	1419	405	407
919	1419	4953	493	505
920	4953	1419	629	641
1803	1419	669	1307	1391
1804	669	830	1394	1575
2581	830	6888	1575	1621
2115	6888	3243	1723	1776
2116	3243	3631	1788	1861
893	3631	6888	2470	2494
894	6888	3243	2494	2566
895	3243	3631	3204	3296
1782	3631	4185	3299	3328
1783	4185	830	4044	4097
1784	830	5789	4097	4099
183	5789	996	4861	4908
184	996	830	5027	5077
185	830	5789	5077	5079
186	5789	669	5183	5325
187	669	1419	5328	5428
329	1419	669	5627	5711
612	669	830	5714	5895
613	830	5789	5895	5897
614	5789	3113	5912	6036
2240	3113	1453	6132	6195
2241	1453	4196	6255	6302
2242	4196	4513	6313	6399
2001	4513	4238	6520	6662
2002	4238	4718	6662	6664
2003	4718	6296	6683	6719
2582	6296	960	6719	6753
502	960	4446	6797	6837
503	4446	4780	6837	6855
504	4780	7181	6888	6899
505	7181	4446	6899	6903
506	4446	4780	6921	6939
507	4780	960	6965	6980
508	960	4446	7040	7076
125	4446	4238	7237	7274
126	4238	4377	7274	7280
626	4377	4630	7343	7425
466	6849	4513	465	551
467	4513	6849	648	734
2583	6849	2759	734	784
1081	2759	3125	1128	1322
1082	3125	1014	1322	1329
1034	1014	5100	1429	1478
2213	5100	2997	1495	1523
2584	2997	1014	1523	1600
1036	1014	6142	1603	1788
1037	6142	1722	1788	1813
1038	1722	6142	1916	1939
1039	6142	7331	2424	2626
1040	7331	1014	2626	2628
1041	1014	2997	2643	2709
1042	2997	3480	2728	2777
1043	3480	3152	2791	2825
2221	3152	669	2901	2943
2222	669	830	2953	3109
2223	830	5789	3109	3111
650	5789	669	3141	3295
651	669	3480	3298	3389
652	3480	2997	3401	3446
653	2997	7331	3461	3541
654	7331	1014	3541	3543
655	1014	2997	3557	3630
656	2997	3480	3654	3704
657	3480	669	3722	3803
658	669	830	3807	3997
659	830	5789	3997	3999
720	5789	3113	4472	4596
721	3113	877	4606	4660
722	877	4238	4677	4838
2585	4238	6263	4838	4858
724	6263	4718	5132	5164
725	4718	2262	5168	5191
726	2262	4377	5191	5204
2047	4377	7191	5270	5352
2048	7191	4446	5352	5441
407	4446	4780	5481	5499
2312	4780	960	5525	5540
2313	960	4446	5600	5636
2314	4446	4513	5817	5932
2586	4513	4718	5932	6046
1699	4718	2262	6066	6090
1700	2262	4238	6266	6295
1701	4238	4718	6295	6297
618	4718	877	6402	6508
619	877	3113	6518	6583
620	3113	830	6598	6710
2587	830	5789	6710	6712
1967	5789	669	6716	6875
1968	669	3480	6879	6963
1969	3480	2997	6980	7026
1970	2997	3480	7048	7097
1971	3480	3152	7111	7145
1842	3152	669	7221	7263
1843	669	830	7273	7429
2588	830	5789	7429	7431
830	5789	3113	7826	7940
831	3113	877	7958	8028
380	877	3113	8259	8324
381	3113	830	8343	8507
2589	830	5789	8507	8509
219	5789	669	9887	10036
220	669	1419	10043	10080
1134	1014	6142	163	348
1135	6142	1722	348	373
1136	1722	6142	476	499
1137	6142	7331	545	744
2590	7331	6900	744	785
974	6900	7331	991	1058
2591	7331	1014	1058	1060
2260	1014	2997	1159	1240
2261	2997	3480	1264	1311
2262	3480	1419	1329	1408
2592	1419	2759	1408	1460
1729	2759	699	1622	1751
1730	699	5287	1971	2011
2593	5287	5100	2011	2107
2421	5100	7331	2154	2220
2422	7331	1014	2220	2222
2423	1014	2221	2268	2349
2424	2221	4621	2349	2413
2425	4621	3638	2424	2485
2426	3638	4621	2495	2556
2427	4621	3638	2574	2635
1627	3638	4621	2705	2766
1628	4621	3638	2788	2875
430	3638	4621	3189	3250
1630	4621	3638	3624	3685
1393	3638	4621	3785	3846
2594	4621	3125	3846	3861
546	3125	4475	3925	4022
547	4475	3125	6084	6182
548	3125	2759	6238	6428
549	2759	699	6448	6569
2595	699	559	6569	6575
823	559	5915	6668	6673
824	5915	669	6698	6728
825	669	830	6732	6917
2596	830	5789	6917	6919
966	5789	3113	6978	7089
967	3113	877	7097	7150
968	877	4238	7153	7290
969	4238	4718	7290	7292
1234	4718	877	7387	7496
2597	877	3349	7496	7566
373	3349	6296	7602	7651
374	6296	4446	7651	7653
375	4446	3349	7733	7784
376	3349	7191	7784	7880
1924	7191	4377	8088	8170
1925	4377	7191	9096	9187
2466	7191	5885	9214	9259
2467	5885	7191	9340	9386
2468	7191	4377	9408	9490
2403	4377	6804	9935	9993
1466	1014	2997	490	567
1467	2997	3480	588	636
1468	3480	1419	646	722
574	1419	3480	1355	1445
2598	3480	2997	1445	1489
885	2997	3480	1544	1592
886	3480	669	1593	1667
887	669	830	1670	1846
888	830	5789	1846	1848
889	5789	4185	1906	1952
890	4185	3631	1952	1993
269	3631	6990	2255	2278
270	6990	5789	2278	2289
54	5789	3113	2658	2769
55	3113	877	2777	2830
2599	877	1453	2830	2830
1781	1453	3631	2980	3117
1983	3631	508	3283	3348
1988	508	3631	3852	3909
2231	3631	3113	4280	4378
2232	3113	3631	4583	4685
2233	3631	508	4723	4788
1789	508	3631	5036	5105
1790	3631	6990	5135	5158
1791	6990	6844	5165	5184
1792	6844	508	5184	5237
1793	508	3631	5292	5349
1794	3631	6888	5350	5374
1795	6888	3243	5557	5616
1796	3243	3631	6084	6176
1797	3631	4185	6179	6208
1798	4185	830	6986	7038
2600	830	5789	7038	7040
682	5789	669	8063	8205
683	669	1419	8208	8300
778	6849	4513	9225	9311
2402	4513	4377	9561	9663
1927	4377	4630	9892	9953
1242	1014	2997	103	170
1243	2997	3480	198	247
1244	3480	6710	265	327
1245	6710	1035	481	517
1246	1035	6710	552	586
2601	6710	559	586	596
1330	559	5915	908	913
1331	5915	669	938	968
1332	669	830	972	1157
1333	830	5789	1157	1159
1726	5789	669	1247	1396
1727	669	1419	1403	1483
2263	1419	3152	1893	1942
2069	3152	699	2029	2056
2070	699	5915	2230	2236
2071	5915	5773	2239	2357
2072	5773	7073	2357	2411
2073	7073	7331	2556	2567
2074	7331	1014	2567	2569
2075	1014	2997	2599	2680
2076	2997	3480	2704	2751
2077	3480	1419	2769	2848
2078	1419	1014	2848	3008
2170	1014	5100	3020	3069
2171	5100	2997	3085	3113
166	2997	7331	3120	3200
167	7331	1014	3200	3202
168	1014	5100	3298	3359
169	5100	2997	3371	3401
170	2997	3480	3433	3482
171	3480	669	3515	3597
172	669	830	3600	3757
173	830	5789	3757	3759
1908	5789	4185	4661	4701
900	4185	830	5241	5287
2602	830	5789	5287	5289
1995	5789	669	5567	5716
1996	669	1419	5723	5803
1997	1419	3480	5835	5914
1958	3480	2997	5926	5972
1121	2997	3480	6008	6057
1122	3480	669	6074	6147
1123	669	830	6150	6319
2603	830	5789	6319	6321
197	5789	669	6500	6646
198	669	3152	6656	6700
199	3152	6710	6745	6777
200	6710	669	6833	6854
201	669	830	6871	7021
202	830	5789	7021	7023
910	5789	669	7173	7322
911	669	3480	7326	7404
912	3480	2997	7416	7460
913	2997	7331	7471	7543
2604	7331	1014	7543	7545
1323	1014	2997	8359	8440
1324	2997	3480	8464	8511
1325	3480	1419	8529	8608
1192	1014	1469	243	278
2605	1469	5498	278	366
1079	5498	3125	389	445
1080	3125	2759	478	668
1667	2759	6849	999	1049
2406	6849	2759	1178	1230
1668	2759	6849	1824	1874
9	6849	4513	1905	1991
309	4513	3870	2065	2132
310	3870	5915	2339	2483
311	5915	699	2513	2520
312	699	5915	2604	2609
313	5915	3152	2609	2628
314	3152	699	2751	2782
315	699	5915	2835	2842
316	5915	2759	2845	2954
1206	2759	6849	3264	3314
2606	6849	292	3314	3319
483	292	1419	3650	3667
2607	1419	6849	3667	3669
110	6849	4513	3705	3791
23	4513	6116	3799	4060
24	6116	5379	4619	4627
25	5379	5398	4636	4680
26	5398	6116	4680	4709
27	6116	4513	4821	5079
28	4513	6849	5328	5414
29	6849	3959	5664	5701
30	3959	4513	5717	5777
2608	4513	4446	5777	5894
2348	4446	960	5932	5977
2349	960	4377	6040	6085
2350	4377	4718	6085	6090
2351	4718	4513	6246	6365
2352	4513	3152	6392	6485
2353	3152	6710	6528	6555
2249	6710	4513	7464	7512
2250	4513	4377	7641	7743
2251	4377	4513	7754	7840
2252	4513	6849	7968	8054
685	6849	2759	8319	8348
916	2759	3125	9288	9482
917	3125	6849	9598	9753
2159	6849	3959	9984	10021
2160	3959	4513	10037	10080
1278	1014	2993	131	227
1279	2993	7331	852	954
2609	7331	1014	954	956
1139	1014	5100	1080	1128
1140	5100	2997	1140	1170
1141	2997	3480	1193	1241
1142	3480	669	1259	1333
1143	669	830	1336	1481
1144	830	5789	1481	1483
699	5789	669	1621	1771
700	669	3152	1790	1836
2610	3152	3480	1836	1879
988	3480	669	1895	1979
989	669	830	1982	2136
990	830	5789	2136	2138
991	5789	669	2180	2326
992	669	3152	2336	2380
644	3152	1419	2594	2646
645	1419	669	2747	2831
646	669	6710	2832	2853
647	6710	669	2945	2966
648	669	830	2971	3119
649	830	5789	3119	3121
2224	5789	4185	3221	3261
2225	4185	508	3261	3283
1984	508	3631	3596	3665
1985	3631	6990	3695	3718
1986	6990	6844	3725	3744
2611	6844	3631	3744	3746
2227	3631	2925	3776	3807
2228	2925	996	3815	3890
2229	996	2925	3914	3987
2230	2925	3631	3992	4021
2612	3631	6888	4021	4059
1990	6888	3243	4117	4176
1991	3243	3631	4644	4736
1992	3631	4185	4739	4768
1909	4185	3631	5357	5395
1910	3631	508	5450	5507
2613	508	3631	5507	5560
2239	3631	3113	5720	5818
332	3113	3631	6023	6125
333	3631	508	6163	6228
1128	508	3631	6732	6789
1129	3631	6888	6790	6814
1130	6888	3243	6997	7069
1131	3243	3631	7793	7869
1132	3631	3113	8600	8698
1133	3113	3631	8903	9005
1464	1014	1823	167	273
1465	1823	1014	273	360
1194	1014	6142	573	782
1195	6142	7331	984	1186
1196	7331	1014	1186	1188
1281	1014	5100	1245	1299
1282	5100	2997	1314	1342
979	2997	3480	1347	1393
1284	3480	2997	1462	1507
1285	2997	7331	1521	1586
1286	7331	1014	1586	1588
1287	1014	1823	1607	1713
1288	1823	1184	2554	2646
1289	1184	7331	2687	2700
1290	7331	1014	2700	2702
1291	1014	2997	2704	2768
162	2997	3480	2787	2833
163	3480	6710	2859	2918
164	6710	3480	2988	3050
165	3480	2997	3060	3106
2172	2997	3480	3128	3177
760	3480	669	3194	3267
761	669	830	3270	3439
2614	830	6617	3439	3520
236	6617	5624	3642	3687
2615	5624	102	3687	3739
1901	102	830	3745	3835
1902	830	5789	3835	3837
174	5789	3113	4098	4209
175	3113	877	4217	4270
1499	877	3113	4627	4683
1500	3113	830	4712	4826
1501	830	5789	4826	4828
1827	5789	3113	4946	5060
1828	3113	877	5078	5148
1829	877	4446	5183	5273
816	4446	960	5536	5566
817	960	3251	5591	5660
2616	3251	3113	5660	5727
615	3113	877	6046	6100
616	877	4238	6117	6278
617	4238	4718	6278	6280
1702	4718	6263	6440	6508
1703	6263	4718	6572	6604
1704	4718	2262	6608	6631
1705	2262	4238	6795	6819
2617	4238	4718	6819	6821
2247	4718	4513	7131	7245
2289	4513	4238	7321	7461
2290	4238	4377	7461	7467
2291	4377	4513	7506	7622
2292	4513	3870	7624	7685
2618	3870	4513	7685	7739
513	4513	4196	7759	7848
514	4196	4513	7993	8079
515	4513	4377	8361	8463
516	4377	6263	8463	8489
517	6263	4377	9046	9070
2619	4377	4446	9070	9093
1527	4446	960	9856	9886
1	4718	877	187	296
2620	877	1453	296	296
4	1453	4196	495	542
1928	4196	4513	553	639
141	4513	3870	769	830
142	3870	4513	832	892
1248	4513	6116	919	1180
1249	6116	5379	1180	1189
1250	5379	5398	1756	1800
2621	5398	3139	1800	1891
1939	3139	1453	2272	2451
1342	1453	3911	2503	2621
1343	3911	1453	3178	3285
1002	1453	3139	3308	3488
1003	3139	1453	3712	3891
1590	1453	997	3898	3922
1591	997	1453	3922	3951
2382	1453	997	4018	4042
2383	997	1453	4058	4082
2622	1453	877	4082	4082
2337	877	4446	4306	4395
2338	4446	960	4492	4537
2339	960	4377	4600	4645
2340	4377	1453	4674	4784
811	1453	3139	4868	5048
812	3139	1453	5152	5331
813	1453	3349	5331	5401
814	3349	6296	5470	5508
2623	6296	4377	5508	5532
2051	4377	1453	5582	5722
2052	1453	877	5722	5722
2053	877	4238	5836	5961
2054	4238	4718	5961	5963
85	4718	3012	6037	6060
86	3012	4446	6060	6101
87	4446	4780	6104	6123
88	4780	3349	6123	6152
89	3349	6296	6162	6211
2624	6296	5885	6211	6245
1836	5885	7191	6460	6506
91	7191	4377	6528	6610
1916	4377	5818	6658	6768
1917	5818	4513	6784	6791
2245	4513	4377	6799	6887
2246	4377	4718	6887	6892
1267	4718	877	6896	7044
2457	877	3113	7069	7123
1016	3113	830	7295	7424
1017	830	5789	7424	7426
1018	5789	669	7461	7615
1019	669	3480	7618	7709
1020	3480	2997	7721	7766
1021	2997	3480	7788	7836
1022	3480	1419	7846	7922
1407	4377	4513	306	422
1408	4513	4377	441	543
140	4377	4513	554	640
2625	4513	4377	640	749
1930	4377	7191	770	863
385	7191	4377	888	970
694	4377	1453	1142	1282
695	1453	877	1282	1282
696	877	3113	1309	1363
697	3113	830	1382	1493
698	830	5789	1493	1495
1145	5789	669	1563	1707
1146	669	3480	1710	1783
1147	3480	2997	1795	1840
1148	2997	7331	1853	1923
1149	7331	1014	1923	1925
1150	1014	2997	1930	2007
1151	2997	7331	2021	2101
1152	7331	1175	2101	2120
1153	1175	1938	2492	2556
2626	1938	2993	2556	2557
2429	2993	7331	2674	2770
2430	7331	1014	2770	2772
2431	1014	5100	2785	2833
2432	5100	2997	2851	2881
2433	2997	3480	2905	2954
2434	3480	2997	2976	3021
2435	2997	7331	3034	3096
2436	7331	1014	3096	3098
2437	1014	5100	3177	3227
2627	5100	1014	3227	3277
2174	1014	6900	3302	3338
2175	6900	7331	3871	3938
2176	7331	1175	3938	3957
2177	1175	1756	3957	4031
1396	1756	1175	6099	6176
1397	1175	2744	6176	6289
1398	2744	7331	6594	6731
1399	7331	1014	6731	6733
1400	1014	5100	6840	6888
1401	5100	2997	6900	6930
1402	2997	3480	6953	7001
1403	3480	669	7019	7093
1404	669	830	7096	7241
1023	1014	5100	140	189
1024	5100	2997	205	233
1025	2997	3480	248	297
1026	3480	669	314	387
1027	669	830	390	559
2628	830	3631	559	568
1766	3631	2925	896	927
1767	2925	3631	1112	1141
1768	3631	3113	1400	1498
1337	3113	830	1832	1946
1338	830	5789	1946	1948
158	5789	669	1967	2132
159	669	1419	2136	2260
846	1419	3152	2329	2385
993	3152	3480	2515	2551
994	3480	2997	2568	2617
995	2997	3480	2633	2681
996	3480	669	2699	2773
997	669	830	2776	2921
998	830	5789	2921	2923
1944	5789	669	3003	3147
1945	669	3480	3150	3223
1946	3480	2997	3235	3280
1947	2997	7331	3293	3363
1948	7331	1014	3363	3365
1949	1014	6142	3453	3662
1950	6142	7331	3864	4066
2629	7331	1014	4066	4068
1821	1014	2997	4083	4149
1354	2997	7331	4169	4241
1355	7331	1014	4241	4243
1356	1014	6900	4254	4298
2630	6900	1014	4298	4337
2085	1014	2993	4451	4547
2086	2993	1938	4547	4548
1551	1938	1175	4671	4740
1552	1175	4621	4740	4756
1639	4621	3125	5250	5275
1640	3125	5100	5275	5327
284	5100	4888	5396	5442
357	4888	2997	5496	5584
358	2997	3480	5595	5645
359	3480	699	5655	5739
2631	699	669	5739	5775
1311	669	3480	5886	5964
1312	3480	2997	5976	6020
1313	2997	7331	6031	6137
1314	7331	1014	6137	6139
1315	1014	6900	6182	6218
1316	6900	1014	6218	6257
1317	1014	6142	6333	6542
1318	6142	7331	6744	6946
1319	7331	1014	6946	6948
1320	1014	2997	6963	7029
1321	2997	7331	7049	7121
1322	7331	1014	7121	7123
1657	1014	5100	7189	7238
1658	5100	2997	7255	7283
1659	2997	3480	7294	7342
1660	3480	669	7353	7427
1661	669	830	7430	7606
1528	3113	3631	263	365
1529	3631	5789	365	373
1530	5789	4185	466	512
1531	4185	3631	1037	1075
1532	3631	4185	1075	1116
1533	4185	830	1164	1217
1534	830	5789	1217	1219
2062	5789	669	1304	1446
2063	669	3480	1449	1524
2064	3480	2997	1536	1581
2065	2997	1014	1581	1658
2066	1014	2997	1674	1743
578	2997	7331	1790	1893
579	7331	1014	1893	1895
756	1014	2744	1915	2099
757	2744	3125	2099	2194
2167	3125	5498	2418	2476
2168	5498	4651	2498	2525
1548	4651	5498	3200	3233
1549	5498	3125	3269	3325
2273	3125	2759	3358	3548
317	2759	1419	3661	3705
1856	1419	3480	4064	4149
1857	3480	2997	4165	4211
1858	2997	7331	4227	4312
1859	7331	1014	4312	4314
1751	1014	6142	4483	4668
1752	6142	1722	4694	4720
1753	1722	6142	4796	4819
1754	6142	1722	6134	6160
1755	1722	6142	6236	6259
1756	6142	7331	6305	6504
1757	7331	3125	6504	6509
1758	3125	6563	6532	6565
1759	6563	3125	6604	6637
1760	3125	6563	6652	6687
1761	6563	3125	6724	6757
1762	3125	4475	6805	6902
2632	4475	5100	6902	6973
1655	5100	7331	6991	7043
1576	6116	5379	299	307
1577	5379	3139	307	360
1578	3139	1453	712	891
228	1453	3139	1148	1330
229	3139	1453	2032	2211
230	1453	3139	2228	2408
231	3139	1453	2512	2691
232	1453	877	2691	2691
56	877	4446	2866	2955
590	4446	960	3052	3097
591	960	7191	3097	3182
592	7191	4377	3528	3610
346	4377	5818	3658	3771
347	5818	4377	3785	3903
348	4377	2136	3903	3909
349	2136	4238	3930	3947
2633	4238	4377	3947	3953
1104	4377	6804	4175	4233
1105	6804	2262	4705	4745
1106	2262	4238	4826	4855
1107	4238	4718	4855	4857
1108	4718	877	4962	5068
1109	877	3113	5078	5143
1110	3113	830	5158	5270
1111	830	5789	5270	5272
1112	5789	669	5276	5435
1113	669	3480	5439	5523
1114	3480	2997	5540	5586
1115	2997	7331	5609	5681
1116	7331	1014	5681	5683
1117	1014	6900	5694	5738
1118	6900	1014	5738	5777
2141	1014	2997	5994	6063
1868	2997	3480	6082	6131
1869	3480	1419	6176	6268
259	1419	2759	6406	6466
260	2759	1419	6541	6585
261	1419	6849	6585	6587
262	6849	2759	6698	6750
263	2759	6849	6759	6809
264	6849	2759	6818	6870
265	2759	699	7382	7511
266	699	2759	7707	7847
267	2759	699	7888	8009
1614	4621	3638	294	355
418	3638	4621	545	606
2634	4621	3638	606	669
1615	3638	4621	815	876
787	4621	3638	1439	1502
1621	3638	4621	1805	1866
1622	4621	3638	2184	2245
1623	3638	4621	2285	2346
1624	4621	3638	2364	2425
1296	1938	1175	3269	3331
1297	1175	1014	3331	3351
1853	1014	2997	3370	3447
1854	2997	3480	3468	3516
1855	3480	1419	3526	3602
2635	1419	6849	3602	3604
2275	6849	2759	3938	3990
2489	2759	3125	4008	4202
2490	3125	1184	4202	4214
2491	1184	7331	4269	4284
2492	7331	1014	4284	4286
2493	1014	2997	4339	4409
2494	2997	3480	4424	4472
2495	3480	2997	4486	4532
2496	2997	7331	4560	4640
2497	7331	1014	4640	4642
2498	1014	6900	4742	4778
2499	6900	5498	4778	4810
2500	5498	4651	5378	5405
2501	4651	5498	6080	6108
2502	5498	3125	6149	6205
2503	3125	4621	6215	6240
1561	4621	3638	6444	6505
1562	3638	4621	6515	6576
1563	4621	3638	6744	6805
2192	3638	4621	6965	7026
1605	4621	3638	7524	7585
1606	3638	4621	7595	7656
2099	4621	3638	8454	8515
1714	3638	4621	9065	9126
1715	4621	3638	9294	9355
1716	3638	4621	9545	9606
1717	4621	3638	9654	9715
1718	3638	4621	9725	9786
1719	4621	3638	9834	9895
1662	5379	5398	316	360
1663	5398	6116	407	437
1664	6116	4513	501	759
1665	4513	6849	768	854
2636	6849	5498	854	1026
469	5498	4651	1058	1085
470	4651	5498	1760	1793
471	5498	3125	1829	1885
472	3125	2759	1918	2108
473	2759	6849	2108	2158
2372	6849	4513	2385	2471
2373	4513	4196	2479	2568
105	4196	4513	2593	2679
106	4513	1419	2932	3044
2637	1419	6881	3224	3288
802	6881	3152	3390	3408
1049	3152	699	3469	3496
1050	699	3152	3698	3727
2638	3152	5915	3727	3746
1053	5915	669	3818	3848
1054	669	830	3852	4037
1055	830	5789	4037	4039
1056	5789	669	4118	4265
1057	669	6710	4272	4293
1058	6710	3480	4428	4490
1059	3480	2997	4500	4546
1060	2997	7331	4565	4645
1061	7331	4621	4645	4664
1062	4621	3638	4674	4735
1554	3638	4621	4865	4926
1555	4621	3638	5124	5185
1556	3638	4621	5195	5256
1066	4621	3638	5514	5575
444	3638	4621	6069	6130
445	4621	3638	6144	6205
446	3638	4621	6305	6366
447	4621	3638	6504	6565
448	3638	4621	6635	6696
449	4621	3638	6834	6895
450	3638	4621	6905	6966
451	4621	1014	6966	6987
452	1014	5100	7005	7059
453	5100	2997	7074	7102
1459	2997	7331	7107	7192
2639	7331	3125	7192	7197
561	3125	6849	8158	8313
1763	1197	3243	606	637
1764	3243	6888	783	850
1765	6888	3631	850	888
2206	3631	508	890	947
2207	508	3631	972	1029
2208	3631	6888	1030	1054
2209	6888	5789	1054	1098
1334	5789	3113	1218	1329
1335	3113	877	1337	1390
2363	877	4238	1393	1530
2364	4238	4718	1530	1532
44	4718	3012	1717	1740
45	3012	4718	1740	1754
46	4718	4513	1926	2045
47	4513	3152	2072	2165
48	3152	6710	2208	2235
1479	6710	4513	2281	2343
1480	4513	927	2373	2390
1481	927	4446	2390	2489
1482	4446	4780	2601	2619
1483	4780	960	2645	2660
2029	960	3251	2711	2780
2640	3251	1453	2780	2782
851	1453	6116	3155	3393
852	6116	3139	3410	3456
853	3139	1453	3472	3651
854	1453	3139	3651	3791
855	3139	1453	3952	4131
856	1453	877	4131	4131
857	877	4238	4273	4410
858	4238	4718	4410	4412
1498	4718	877	4507	4616
2641	877	1453	4616	4616
404	1453	4377	4636	4737
2642	4377	4718	4737	4742
326	4718	4513	4806	4925
327	4513	3152	4952	5045
2643	3152	699	5045	5067
607	699	5915	5110	5116
282	5915	5773	5119	5237
283	5773	5100	5237	5239
670	5100	7331	5551	5603
671	7331	1014	5603	5605
1363	1014	2997	5621	5691
2185	2997	3480	5723	5772
2186	3480	1419	5786	5867
2187	1419	3638	5867	6092
2188	3638	4621	6125	6186
2189	4621	3638	6534	6595
2190	3638	4621	6665	6726
2191	4621	3638	6894	6955
2644	3638	2221	6955	6956
1567	2221	7331	7056	7126
1568	7331	1014	7126	7128
1569	1014	1823	7486	7609
1570	1823	7331	7834	7917
1571	7331	1014	7917	7919
1572	1014	2997	8046	8130
1573	2997	3480	8148	8194
1574	3480	669	8204	8280
1575	669	830	8283	8437
1720	3243	3631	348	421
1721	3631	5789	421	429
1722	5789	6985	479	604
1723	6985	102	745	768
1724	102	830	865	955
1725	830	5789	955	957
1535	5789	669	1413	1562
1536	669	3480	1566	1644
1537	3480	2997	1656	1700
1538	2997	7331	1711	1817
1539	7331	1014	1817	1819
2417	1014	5100	1858	1919
2418	5100	2997	1931	1961
2645	2997	1014	1961	2038
702	1014	5100	2043	2090
703	5100	2997	2109	2137
704	2997	3480	2150	2197
705	3480	669	2222	2308
706	669	830	2312	2497
707	830	5789	2497	2499
271	5789	2949	2511	2552
2123	2949	830	3363	3408
2124	830	5789	3408	3410
763	5789	3113	3506	3620
764	3113	877	3638	3708
765	877	1453	3708	3708
1004	1453	3139	3908	4089
1011	3139	1453	5272	5451
115	1453	997	5458	5482
116	997	1453	5498	5522
2646	1453	877	5522	5522
33	877	3113	6067	6123
34	3113	830	6152	6266
35	830	5789	6266	6268
36	5789	996	6301	6348
37	996	830	6467	6517
38	830	3631	6517	6526
39	3631	2925	6656	6687
3	3113	1453	372	435
2647	1453	997	435	464
1973	997	1453	532	562
1974	1453	3139	668	848
100	3911	1453	1738	1845
101	1453	1075	1845	1852
102	1075	997	1905	1942
2648	997	1453	1942	1971
929	1453	3139	2108	2288
930	3139	1453	2392	2571
931	1453	997	2578	2602
932	997	877	2602	2631
233	877	3113	2749	2803
1982	3113	3631	3143	3245
896	3631	508	3590	3647
2226	508	3631	3672	3729
238	3631	6888	3910	3934
239	6888	3243	3934	4006
240	3243	830	4009	4130
241	830	5789	4130	4132
242	5789	669	4184	4326
243	669	3480	4329	4404
244	3480	2997	4416	4461
245	2997	7331	4474	4536
246	7331	1014	4536	4538
247	1014	5100	4617	4667
248	5100	2997	4677	4704
249	2997	3480	4714	4761
250	3480	669	4775	4859
1440	669	830	4862	5016
1441	830	5789	5016	5018
1442	5789	669	5060	5206
1443	669	3152	5216	5260
1444	3152	6710	5305	5337
1445	6710	669	5393	5414
1446	669	830	5431	5581
1447	830	5789	5581	5583
1912	5789	669	5584	5727
1913	669	5915	5732	5758
2649	5915	5789	5758	5959
361	5789	6888	5998	6039
362	6888	3243	6043	6096
903	3243	1197	6125	6156
904	1197	3243	6156	6188
905	3243	1197	6436	6468
906	1197	1480	6468	6490
907	1480	3243	6686	6698
908	3243	830	6889	7010
909	830	5789	7010	7012
203	5789	669	7064	7206
204	669	3480	7209	7284
205	3480	2997	7296	7341
206	2997	7331	7354	7416
207	7331	1014	7416	7418
208	1014	5100	7426	7475
209	5100	2997	7494	7524
210	2997	7331	7550	7653
211	7331	6563	7653	7703
212	6563	7331	7943	8032
2650	7331	4888	8032	8036
2358	4888	2997	9816	9904
2359	2997	3480	9915	9965
2360	3480	699	9975	10059
1844	3638	4621	455	516
419	4621	3638	924	985
786	3638	4621	995	1056
2651	4621	1175	1056	1072
753	1175	1756	1077	1151
754	1756	1175	1779	1856
1850	1175	1756	2428	2501
1851	1756	1175	3219	3296
1852	1175	1014	3296	3316
1156	1014	5100	3483	3530
1157	5100	2997	3549	3577
716	2997	3480	3590	3637
717	3480	669	3662	3748
718	669	830	3752	3937
719	830	5789	3937	3939
1903	5789	669	4039	4187
1904	669	3480	4197	4275
1748	3480	2997	4284	4329
1749	2997	7331	4343	4410
1750	7331	1014	4410	4412
1436	1014	2997	4554	4623
1437	2997	3480	4642	4691
1438	3480	3152	4720	4759
487	3152	4513	4876	4958
952	4513	4196	5359	5448
953	4196	1453	5457	5504
2652	1453	877	5504	5504
1697	877	4238	5713	5850
1698	4238	4718	5850	5852
32	4718	877	5947	6056
2653	877	1453	6056	6056
117	1453	4377	6076	6177
92	4377	7191	6710	6792
93	7191	7181	6888	6963
94	7181	1075	7527	7648
95	1075	4377	7704	7858
96	4377	4718	7858	7863
97	4718	2354	7924	8015
2404	4196	4513	793	879
143	4513	5915	897	962
144	5915	699	989	996
633	699	5915	1164	1169
634	5915	3152	1169	1188
635	3152	699	1311	1342
636	699	5915	1387	1394
2654	5915	3152	1394	1413
1200	3152	4513	1418	1500
10	4513	4196	1999	2088
11	4196	1453	2097	2144
12	1453	877	2144	2144
13	877	3113	2198	2263
14	3113	830	2278	2390
15	830	5789	2390	2392
274	5789	669	2687	2836
275	669	1419	2843	2923
2655	1419	6710	2923	3003
108	6710	1419	3129	3195
109	1419	6849	3195	3197
1207	6849	4513	3465	3551
2656	4513	4196	3551	3655
941	4196	4513	3673	3759
1258	4513	927	3813	3830
1259	927	4377	3883	3984
321	4377	4513	4268	4380
948	4513	927	4435	4452
949	927	4513	4452	4470
601	4513	6710	4506	4555
602	6710	1419	4569	4635
1306	1419	2759	4966	5026
1307	2759	699	5656	5790
1308	699	5915	5790	5794
1309	5915	699	5797	5804
2657	699	5593	5804	6010
1511	5593	830	6030	6056
1512	830	5789	6056	6058
1513	5789	4185	6101	6141
1514	4185	5789	6141	6189
1515	5789	4185	6226	6272
1516	4185	830	6924	6977
1517	830	5789	6977	6979
2460	5789	3113	7352	7476
2461	3113	4196	7476	7491
1237	4196	4513	7633	7719
1238	4513	3870	7825	7892
688	3911	1453	298	405
689	1453	997	405	434
690	997	1075	458	493
691	1075	4377	504	658
226	4377	1075	842	994
2658	1075	997	994	1030
1580	997	1453	1058	1082
2367	1453	997	1858	1882
103	997	1453	2498	2522
104	1453	4196	2522	2575
2374	4196	1453	2577	2624
2659	1453	877	2624	2624
2031	877	4238	2833	2970
2032	4238	4718	2970	2972
2033	4718	6263	3055	3093
2034	6263	4718	3093	3114
1489	4718	3012	3157	3180
1490	3012	4446	3180	3221
1491	4446	4780	3224	3243
1492	4780	5885	3243	3289
1493	5885	7191	3580	3626
1494	7191	4377	3817	3908
1495	4377	4513	3914	4000
1496	4513	4238	4220	4399
1497	4238	4718	4399	4401
859	4718	6263	4495	4533
2660	6263	4446	4533	4581
1219	4446	3349	4605	4650
1220	3349	1453	4650	4720
2341	1453	4196	4815	4862
2342	4196	4513	4873	4959
2137	4513	6849	5088	5174
2138	6849	2759	5378	5430
770	2759	6849	6168	6209
2318	6849	4513	6585	6671
774	4513	6116	6679	6940
775	6116	4513	7701	7959
1275	4513	6116	8119	8380
1276	6116	4513	9141	9399
1277	4513	6116	9559	9820
2	877	3113	307	363
1799	3113	830	392	506
1800	830	5789	506	508
2203	5789	996	541	588
2204	996	830	707	757
2661	830	5789	757	759
1801	5789	669	863	1005
1802	669	1419	1008	1108
1669	6849	4513	2025	2111
1670	4513	4238	2200	2342
1671	4238	4377	2342	2348
1672	4377	4513	2398	2503
2270	4630	3638	2879	2944
2271	3638	4621	3275	3336
1392	4621	3638	3714	3775
1678	3638	4621	3875	3936
1679	4621	3638	3954	4015
1680	3638	4621	4025	4086
1165	4621	3638	4644	4705
1166	3638	4621	4715	4776
439	4621	3638	5094	5155
2180	3638	4621	5225	5286
1557	4621	3638	5304	5365
442	3638	4621	5465	5526
2662	4621	1184	5526	5552
2184	1184	2997	5602	5686
1364	2997	3480	5712	5761
1365	3480	2997	5782	5827
1366	2997	7331	5841	5906
1367	7331	1014	5906	5908
672	1014	1823	5927	6033
673	1823	1184	6874	6966
674	1184	7331	7007	7020
1188	7331	1014	7020	7022
676	1014	5100	7105	7153
677	5100	2997	7171	7201
678	2997	3480	7225	7274
679	3480	669	7285	7358
680	669	830	7393	7551
681	830	5789	7551	7553
458	5789	669	7597	7767
459	669	3480	7773	7856
460	3480	2997	7864	7908
1376	2997	7331	7918	8001
1377	7331	1014	8001	8003
1378	1014	2993	9682	9819
2014	4446	3349	533	584
2015	3349	6296	678	723
2016	6296	4446	723	725
2017	4446	3349	940	988
2018	3349	6296	1150	1188
2663	6296	4446	1188	1190
1933	4446	960	1216	1246
1934	960	4446	1280	1316
1935	4446	877	1474	1561
1936	877	1453	1561	1561
2369	1453	4196	1935	1982
2370	4196	4513	1993	2079
2371	4513	6849	2088	2174
2218	6849	2759	2498	2550
2664	2759	6849	2550	2600
474	6849	3959	2784	2821
475	3959	4513	2837	2897
476	4513	927	2995	3012
477	927	4513	3012	3030
1421	4513	6710	3066	3115
1422	6710	4513	3115	3181
1423	4513	3959	3193	3252
1424	3959	6849	3260	3300
1425	6849	4513	3345	3431
1101	4513	4377	3439	3527
1102	4377	1075	3722	3874
1103	1075	4377	3924	4078
1260	4377	4630	4132	4193
1261	4630	4377	6144	6200
1262	4377	7191	6470	6552
1263	7191	5885	6574	6619
1264	5885	7191	6619	6674
1265	7191	4377	6768	6850
1266	4377	4718	6850	6855
298	4718	3251	7045	7172
2665	3251	877	7172	7174
1268	877	3113	7212	7270
1269	3113	877	7486	7540
1270	877	4238	7557	7718
1271	4238	4377	7718	7724
1272	4377	7191	7730	7823
1273	7191	4377	7848	7930
1274	4377	4513	7978	8079
1240	4513	4377	8239	8327
518	4377	4513	9194	9280
519	4513	6849	9408	9494
2253	6849	2759	9759	9788
2100	508	3631	358	428
2101	3631	6990	429	451
2102	6990	6844	845	864
2103	6844	4185	864	905
2104	4185	830	921	967
2105	830	3631	967	976
2106	3631	3243	1012	1086
2107	3243	5789	1086	1202
2108	5789	669	1264	1407
2109	669	5915	1412	1438
637	5915	4513	1441	1503
924	4513	4238	1561	1701
925	4238	4718	1701	1703
926	4718	2262	1746	1770
927	2262	4377	1770	1783
928	4377	1453	1794	1904
2666	1453	1075	1904	1911
1582	1075	4377	1944	2098
392	4377	7191	2210	2303
393	7191	4377	2328	2410
394	4377	4513	2474	2560
395	4513	4238	2780	2959
396	4238	4718	2959	2961
397	4718	877	3067	3176
398	877	4238	3237	3398
399	4238	4718	3398	3400
400	4718	2354	3604	3695
401	2354	4238	3810	3922
402	4238	4377	3922	3928
2305	4377	4630	4012	4073
2306	4630	7191	4693	4841
2307	7191	5885	4894	4939
2308	5885	4446	4939	4974
2309	4446	3349	5112	5160
2310	3349	960	5280	5292
2667	960	2262	5292	5348
1831	2262	4238	5355	5379
1832	4238	4377	5379	5385
1833	4377	4630	5572	5633
1834	4630	7191	6133	6281
1835	7191	5885	6334	6379
2668	5885	7191	6379	6434
1837	7191	4377	6648	6730
1838	4377	4513	6794	6880
1839	4513	6849	6888	6974
1840	6849	3959	7104	7141
736	3959	4513	7157	7217
737	4513	1419	7252	7364
2669	1419	6849	7364	7366
1522	6849	4513	8025	8111
776	4513	3959	8953	9012
777	3959	6849	9020	9060
520	6849	4513	9585	9671
779	4513	4196	9679	9768
780	4196	1453	9777	9824
781	1453	960	9990	10059
2059	508	4185	716	738
2060	4185	830	1073	1122
2061	830	5789	1122	1124
2210	5789	669	1159	1307
2211	669	3480	1317	1395
1471	3480	669	1412	1488
1472	669	830	1499	1646
1473	830	5789	1646	1648
1474	5789	669	1701	1855
1475	669	3480	1858	1949
2670	3480	2997	1949	1993
2419	2997	3480	1993	2042
1732	3480	669	2075	2157
1733	669	830	2160	2317
2671	830	5789	2317	2319
708	5789	669	2744	2886
709	669	3480	2889	2964
710	3480	669	2965	3038
711	669	830	3073	3231
712	830	5789	3231	3233
713	5789	669	3277	3447
714	669	3480	3453	3536
715	3480	2997	3544	3588
1158	2997	7331	3598	3681
1159	7331	1014	3681	3683
1160	1014	2221	3708	3789
1161	2221	3638	3789	3790
1162	3638	4621	3845	3906
2087	1938	1175	4709	4771
2088	1175	4621	4771	4787
1553	4621	3638	4794	4855
440	3638	4621	5165	5226
441	4621	3638	5274	5335
2092	3638	4621	5525	5586
2093	1938	1175	6111	6180
2094	1175	1938	6812	6876
2095	1938	3638	6876	6908
2096	3638	4621	6935	6996
2097	4621	3638	7014	7075
1712	3638	4621	7655	7716
1713	4621	3638	7854	7915
1461	3638	4621	7925	7986
1462	4621	3638	8094	8155
1463	3638	4621	8345	8406
2672	4621	1070	8406	8417
2198	1070	4010	8474	8500
2199	4010	6563	8979	9049
2161	3638	4621	395	456
1616	4621	3638	954	1015
420	3638	4621	1175	1236
421	4621	3638	1254	1315
422	3638	4621	1715	1776
423	4621	3638	1794	1855
424	3638	4621	1865	1926
1386	4621	3638	2274	2335
1387	3638	4621	2405	2466
1388	4621	3638	2484	2545
1389	3638	4621	2585	2646
2673	4621	3638	3204	3267
1674	3638	4621	3335	3396
433	4621	3638	3654	3715
1631	3638	4621	3725	3786
1632	4621	3638	3804	3865
434	3638	4621	3935	3996
435	4621	3638	3996	4059
436	3638	4621	4085	4146
1636	3638	4621	4629	4690
1637	4621	3638	4704	4765
1638	3638	4621	4775	4836
2089	4621	3638	5004	5065
1063	3638	4621	5075	5136
2179	4621	3638	5154	5215
1065	3638	4621	5285	5346
2181	4621	3638	5424	5485
2182	3638	4621	5495	5556
443	4621	3638	5574	5635
2674	3638	2221	5635	5636
1068	2221	6296	5686	5829
1069	6296	4446	5829	5831
1070	4446	3349	6045	6090
1071	3349	1453	6090	6160
2390	1453	997	6178	6202
2391	997	1075	6218	6253
2392	1075	997	6253	6289
2393	997	1453	6292	6322
1230	1453	4196	6735	6782
1919	4196	4513	6913	6999
1232	4513	4238	7100	7279
1233	4238	4718	7279	7281
970	4718	2354	7458	7599
1876	3638	4621	365	426
1877	4621	3638	474	535
784	3638	4621	845	906
785	4621	3638	906	969
1880	3638	4621	1115	1176
2675	4621	1184	1176	1202
882	1184	2997	1282	1366
883	2997	3480	1392	1441
2676	3480	1014	1441	1561
2415	1014	2761	1773	1810
2416	2761	1014	1810	1828
1540	1014	6900	1862	1898
1541	6900	7331	2431	2498
1542	7331	1014	2498	2500
1543	1014	5100	2520	2568
1544	5100	2997	2580	2610
1545	2997	7331	2629	2706
1546	7331	1014	2706	2708
1547	1014	6900	2814	2858
2677	6900	1014	2858	2897
2079	1014	6142	3043	3228
2080	6142	1722	3228	3253
2081	1722	6142	3356	3379
2082	6142	2993	3379	3487
2083	2993	7331	3732	3834
1357	4651	5498	4640	4668
1358	5498	3125	4709	4765
1359	3125	1014	4765	4772
1360	1014	6142	4893	5102
1361	6142	7331	5304	5506
1362	7331	1014	5506	5508
255	1014	2997	5523	5589
256	2997	3480	5608	5657
257	3480	3152	5671	5705
258	3152	1419	5932	5983
1999	1419	3152	6213	6262
2146	3152	699	6349	6376
2149	699	5915	6550	6556
2150	5915	5100	6559	6682
2151	5100	4888	6836	6882
2152	4888	7331	6896	6904
1186	7331	750	6928	6955
1187	750	7331	6981	7020
2678	7331	1014	7020	7022
1189	1014	2997	7061	7131
1190	2997	3480	7163	7212
555	3480	2997	7222	7267
556	2997	7331	7281	7346
557	7331	1014	7346	7348
558	1014	2997	7690	7767
559	2997	7331	7781	7861
2679	7331	1014	7861	7863
214	1014	2997	8445	8533
215	2997	3480	8542	8587
216	3480	669	8596	8670
217	669	830	8673	8818
2254	2759	699	182	311
2255	699	5915	790	796
2256	5915	5100	799	922
2257	5100	4888	1076	1122
2258	4888	7331	1136	1144
2259	7331	1014	1144	1146
1197	1014	2997	1203	1269
1198	2997	3480	1288	1337
1199	3480	3152	1351	1385
2111	3152	669	1461	1503
2112	669	830	1513	1669
2113	830	5789	1669	1671
2114	5789	6888	1678	1719
2680	6888	3243	1719	1791
1806	3243	1197	1805	1836
1807	1197	3243	1836	1868
1808	3243	1197	2116	2148
1809	1197	3243	2148	2180
1810	3243	1480	2312	2324
1811	1480	3243	2366	2378
1812	3243	3631	3228	3301
1737	3631	6990	3309	3331
2681	6990	3243	3331	3457
2443	3243	1480	3752	3764
2444	1480	1197	3764	3786
2445	1197	3243	4926	4957
2446	3243	1197	4996	5028
2447	1197	3243	5028	5060
2448	3243	1480	5192	5204
2449	1480	3243	5246	5258
363	3243	3631	6108	6181
364	3631	5789	6181	6189
365	5789	6985	6239	6364
366	6985	102	6505	6528
367	102	830	6625	6715
368	830	996	6715	6751
369	996	2925	6794	6867
370	2925	3631	6872	6901
827	3631	3113	7160	7258
828	3113	830	7592	7706
2293	2759	6849	271	321
2294	6849	4513	825	911
2295	4513	927	933	950
2682	927	4377	950	1042
336	4377	4630	1132	1193
2683	4630	4718	1193	1253
2324	4718	3251	1285	1412
2325	3251	877	1412	1414
2326	877	4446	1426	1515
2327	4446	3349	1725	1770
2328	3349	960	2400	2412
2684	960	3349	2412	2424
536	3349	6296	2590	2628
537	6296	4446	2628	2630
2028	4446	960	2656	2686
1484	960	4446	2720	2756
1485	4446	4718	2756	2784
540	4718	2221	2846	2944
541	2221	3638	2944	2945
542	3638	4621	3155	3216
1390	4621	3638	3234	3295
1391	3638	4621	3305	3366
1675	4621	3638	3564	3625
1676	3638	4621	3695	3756
1677	4621	3638	3774	3835
1633	3638	4621	3905	3966
1634	4621	3638	3966	4029
1635	3638	4621	4055	4116
437	4621	3638	4614	4677
438	3638	4621	4685	4746
1064	4621	3638	5214	5275
2685	3638	2993	5275	5308
1169	2993	7331	5554	5650
1170	7331	1014	5650	5652
1956	1014	2997	5779	5849
1957	2997	3480	5864	5912
1998	3480	1419	5923	6000
1870	1419	4778	6274	6287
1871	4778	292	6287	6293
1872	292	1419	6530	6547
1873	1419	6849	6547	6549
1874	6849	2759	6807	6847
1875	2759	3125	6888	7082
1460	14	3638	7700	7734
2194	3638	4621	7805	7866
2195	4621	3638	7914	7975
2196	3638	4621	8225	8286
1326	5789	669	181	331
1327	669	3152	350	396
573	3152	1419	1154	1206
1469	1419	3152	1297	1356
2164	4475	3125	1764	1862
2165	3125	4621	1895	1920
2166	4621	3125	2370	2395
758	3125	4475	2485	2582
2686	4475	5100	3164	3235
2438	5100	2997	3237	3264
2439	2997	3480	3274	3321
2440	3480	669	3335	3419
2441	669	830	3422	3576
2687	830	5789	3576	3578
2125	5789	669	3620	3766
2126	669	3152	3776	3820
1427	3152	3480	3955	3991
1428	3480	2997	4008	4057
1429	2997	7331	4069	4146
1430	7331	1184	4146	4155
1431	1184	2997	4162	4246
1432	2997	3480	4283	4332
1433	3480	2997	4342	4387
1434	2997	7331	4401	4466
1435	7331	1014	4466	4468
1860	1014	1823	4487	4593
1861	1823	2744	4593	4639
1862	2744	7331	5154	5291
2688	7331	4888	5291	5295
285	4888	7331	5456	5464
286	7331	1014	5464	5466
1171	1014	5100	5665	5713
1172	5100	2997	5731	5761
1173	2997	3480	5785	5834
1174	3480	669	5845	5918
1175	669	830	5953	6111
1176	830	5789	6111	6113
1177	5789	669	6157	6327
1178	669	3480	6333	6416
1653	3480	2997	6424	6468
1180	2997	7331	6478	6561
1181	7331	1014	6561	6563
1182	1014	2221	6588	6669
1183	2221	7331	6710	6798
1184	7331	7073	6798	6804
1185	7073	7331	6876	6887
2689	7331	1014	6887	6889
2154	1014	2997	6919	7000
2155	2997	3480	7024	7071
2156	3480	1419	7089	7168
2157	6849	4513	7785	7871
1523	4513	4377	8121	8223
1241	4377	6804	8495	8553
303	4630	6263	354	394
304	6263	4238	1203	1222
305	4238	4718	1222	1224
1384	4718	2221	1406	1504
1385	2221	14	1794	1882
425	4621	3638	2124	2185
2690	3638	2993	2185	2218
1887	2993	7331	2292	2394
1888	7331	1175	2394	2413
1889	1175	1938	2432	2496
1890	1938	6142	2496	2605
1891	6142	7331	2642	2827
1892	7331	1014	2827	2829
1893	1014	5100	2869	2918
1894	5100	2997	2935	2963
1895	2997	3480	2984	3032
800	3480	1419	3043	3120
1741	1419	3480	3739	3837
1742	3480	2997	3860	3907
1743	2997	7331	3938	4020
1951	3638	2221	4629	4630
1952	2221	14	4674	4762
1953	14	2221	5551	5586
1954	2221	7331	5625	5720
1955	7331	1014	5720	5722
1119	1014	5100	5900	5949
1120	5100	2997	5965	5993
1959	2997	7331	6000	6080
1960	7331	1014	6080	6082
1961	1014	5100	6178	6239
1962	5100	2997	6251	6281
1963	2997	3480	6313	6362
1964	3480	669	6395	6477
1965	669	830	6480	6637
2691	830	4196	6637	6781
1231	4196	4513	6793	6879
1920	6804	4377	7585	7638
1921	4377	7191	7656	7747
1922	7191	5885	7774	7819
1923	5885	7191	7900	7946
377	7191	4377	7968	8050
378	4377	4718	8050	8055
379	4718	877	8099	8245
2692	877	1453	8245	8245
837	1453	3631	8740	8877
838	3631	3113	10040	10080
1379	4718	3012	386	420
2693	3012	4718	420	434
2362	4718	877	1136	1284
2694	877	1453	1284	1284
1937	1453	6116	1715	1953
1252	6116	5379	3179	3187
1253	5379	5398	3196	3240
1254	5398	6116	3287	3317
1255	6116	4513	3381	3639
804	4513	4238	3640	3782
805	4238	4377	3782	3788
806	4377	7191	3830	3912
807	7191	7181	4008	4083
808	7181	4446	4647	4651
809	4446	4780	4664	4683
2695	4780	1075	4683	4780
1008	1075	997	4785	4822
1009	997	1453	4852	4882
1010	1453	3139	4988	5168
1013	3139	1453	6230	6411
1074	1453	3911	6823	6941
2470	4196	4513	433	519
2471	4513	4196	559	648
2472	4196	4513	1153	1239
2473	4513	4238	1340	1519
2474	4238	4718	1519	1521
2365	4718	877	1627	1736
1336	877	3113	1747	1803
2696	3113	4196	1803	1818
1770	4196	4513	1873	1959
1771	4513	4377	1999	2087
1772	4377	4718	2087	2092
2481	4718	2354	2164	2255
2482	2354	4238	2370	2482
2483	4238	4377	2482	2488
2484	4377	6804	2615	2673
1584	6804	6949	3217	3221
1585	6949	4513	3221	3275
1586	4513	3870	3304	3365
1587	3870	4513	3365	3419
2487	4513	6849	3648	3734
2488	6849	2759	3927	3967
2344	6849	4513	5265	5351
2345	4513	4377	5359	5447
2346	4377	6804	5495	5553
292	6804	6949	6097	6101
293	6949	4513	6101	6155
294	4513	4377	6201	6303
295	4377	1075	6602	6754
296	1075	4377	6804	6958
297	4377	4718	6958	6963
123	4718	6296	7088	7142
124	6296	4446	7142	7144
509	4446	4513	7257	7372
2248	4513	6710	7386	7435
1520	6710	1419	7449	7515
5	4196	1453	657	704
1976	1453	3139	1028	1209
1977	3139	3113	1252	1370
1978	3113	3631	1703	1805
1979	3631	508	1843	1908
1980	508	3631	2156	2225
891	3631	508	2330	2387
892	508	3631	2412	2469
1735	3631	508	2570	2627
1736	508	3631	3238	3308
2697	3631	996	3308	3335
1814	996	830	3587	3637
1815	830	5789	3637	3639
1816	5789	669	3644	3808
1817	669	3480	3811	3897
1818	3480	2997	3904	3946
1819	2997	7331	3954	4018
1820	7331	1014	4018	4020
1745	1014	5100	4125	4179
1746	5100	2997	4194	4222
1747	2997	3480	4234	4279
1905	3480	669	4292	4368
1906	669	830	4379	4526
1907	830	5789	4526	4528
660	5789	669	4581	4735
661	669	3480	4738	4829
662	3480	2997	4841	4886
663	2997	7331	4901	4981
664	7331	5100	4981	5032
665	5100	7331	5034	5100
666	7331	6900	5100	5141
667	6900	7331	5311	5378
668	7331	1014	5378	5380
287	1014	2997	5584	5648
288	2997	3480	5667	5713
289	3480	6710	5739	5798
290	6710	4513	5832	5879
2315	4513	6710	5946	5995
2316	6710	1419	6009	6075
2317	1419	6849	6075	6077
729	6849	4513	6345	6431
730	4513	3870	6431	6485
413	3870	5915	6659	6803
414	5915	699	6833	6840
734	699	5915	6924	6929
416	5915	2759	7165	7274
417	2759	4778	7636	7694
